time,package,uid,immediate,schedulingon
1527426517469,com.android.systemui,10007,1,0
1527426527560,com.android.systemui,10007,1,0
1527426550489,com.sec.android.app.samsungapps,10025,1,0
1527426550497,com.sec.android.app.samsungapps,10025,1,0
1527426550635,kr.co.rinasoft.howuse,10251,1,0
1527426551313,com.sec.android.app.samsungapps,10025,1,0
1527426552327,com.sec.android.app.samsungapps,10025,1,0
1527426553348,com.sec.android.app.samsungapps,10025,1,0
1527426554339,com.sec.android.app.samsungapps,10025,1,0
1527426555362,com.sec.android.app.samsungapps,10025,1,0
1527426556343,com.sec.android.app.samsungapps,10025,1,0
1527426557351,com.sec.android.app.samsungapps,10025,1,0
1527426558040,com.sec.android.app.samsungapps,10025,1,0
1527426558935,com.sec.android.app.samsungapps,10025,1,0
1527426591485,com.sec.android.app.samsungapps,10025,1,0
1527426638175,com.android.systemui,10007,1,0
1527426658258,com.android.systemui,10007,1,0
1527426688420,com.android.systemui,10007,1,0
1527426704746,kr.co.rinasoft.howuse,10251,1,0
1527426718603,com.android.systemui,10007,1,0
1527426748748,com.android.systemui,10007,1,0
1527426768808,com.android.systemui,10007,1,0
1527426789060,com.android.systemui,10007,1,0
1527426802975,com.google.android.gm,10125,1,0
1527426803012,com.google.android.gm,10125,1,0
1527426819157,com.android.systemui,10007,1,0
1527426850045,com.android.systemui,10007,1,0
1527426896568,kr.co.rinasoft.howuse,10251,1,0
1527426899543,com.android.systemui,10007,1,0
1527426929821,com.android.systemui,10007,1,0
1527426949879,com.android.systemui,10007,1,0
1527426980395,com.google.android.gm,10125,1,0
1527426980455,com.google.android.gm,10125,1,0
1527426990114,com.android.systemui,10007,1,0
1527426993212,kr.co.rinasoft.howuse,10251,1,0
1527427020260,com.android.systemui,10007,1,0
1527427050431,com.android.systemui,10007,1,0
1527427070686,com.android.systemui,10007,1,0
1527427100776,com.android.systemui,10007,1,0
1527427120890,com.android.systemui,10007,1,0
1527427140983,com.android.systemui,10007,1,0
1527427147916,com.facebook.katana,10275,1,0
1527427149634,com.facebook.katana,10275,1,0
1527427158885,kr.co.rinasoft.howuse,10251,1,0
1527427159911,com.google.android.gm,10125,1,0
1527427159995,com.google.android.gm,10125,1,0
1527427171130,com.android.systemui,10007,1,0
1527427221453,com.android.systemui,10007,1,0
1527427222058,kr.co.rinasoft.howuse,10251,1,0
1527427241585,com.android.systemui,10007,1,0
1527427264609,com.facebook.orca,10292,1,0
1527427264654,com.facebook.orca,10292,1,0
1527427265678,com.facebook.orca,10292,1,0
1527427271659,com.android.systemui,10007,1,0
1527427284391,kr.co.rinasoft.howuse,10251,1,0
1527427322010,com.android.systemui,10007,1,0
1527427331615,com.facebook.orca,10292,1,0
1527427354748,com.facebook.orca,10292,1,0
1527427362306,com.android.systemui,10007,1,0
1527427369037,kr.co.rinasoft.howuse,10251,1,0
1527427382425,com.android.systemui,10007,1,0
1527427412577,com.android.systemui,10007,1,0
1527427442711,com.android.systemui,10007,1,0
1527427453939,kr.co.rinasoft.howuse,10251,1,0
1527427483039,com.android.systemui,10007,1,0
1527427519737,kr.co.rinasoft.howuse,10251,1,0
1527427553433,com.android.systemui,10007,1,0
1527427583636,com.android.systemui,10007,1,0
1527427603745,com.android.systemui,10007,1,0
1527427633949,com.android.systemui,10007,1,0
1527427654048,com.android.systemui,10007,1,0
1527427674145,com.android.systemui,10007,1,0
1527427704273,com.android.systemui,10007,1,0
1527427734473,com.android.systemui,10007,1,0
1527427754645,com.android.systemui,10007,1,0
1527427774693,com.android.systemui,10007,1,0
1527427794821,com.android.systemui,10007,1,0
1527427814930,com.android.systemui,10007,1,0
1527427845128,com.android.systemui,10007,1,0
1527427865230,com.android.systemui,10007,1,0
1527427885355,com.android.systemui,10007,1,0
1527427905475,com.android.systemui,10007,1,0
1527427914516,com.google.android.gm,10125,1,0
1527427914586,com.google.android.gm,10125,1,0
1527427925591,com.android.systemui,10007,1,0
1527427955764,com.android.systemui,10007,1,0
1527427975952,com.android.systemui,10007,1,0
1527427995983,com.android.systemui,10007,1,0
1527428016141,com.android.systemui,10007,1,0
1527428036248,com.android.systemui,10007,1,0
1527428066428,com.android.systemui,10007,1,0
1527428086557,com.android.systemui,10007,1,0
1527428106679,com.android.systemui,10007,1,0
1527428126795,com.android.systemui,10007,1,0
1527428146897,com.android.systemui,10007,1,0
1527428177098,com.android.systemui,10007,1,0
1527428197311,com.android.systemui,10007,1,0
1527428217346,com.android.systemui,10007,1,0
1527428237469,com.android.systemui,10007,1,0
1527428257584,com.android.systemui,10007,1,0
1527428277693,com.android.systemui,10007,1,0
1527428297818,com.android.systemui,10007,1,0
1527428328016,com.android.systemui,10007,1,0
1527428348032,com.android.systemui,10007,1,0
1527428356106,kr.co.rinasoft.howuse,10251,1,0
1527428378278,com.android.systemui,10007,1,0
1527428408475,com.android.systemui,10007,1,0
1527428428654,com.android.systemui,10007,1,0
1527428458779,com.android.systemui,10007,1,0
1527428478894,com.android.systemui,10007,1,0
1527428489146,com.facebook.orca,10292,1,0
1527428509052,com.android.systemui,10007,1,0
1527428539224,com.android.systemui,10007,1,0
1527428557839,com.kakao.talk,10194,1,0
1527428559292,com.android.systemui,10007,1,0
1527428561838,kr.co.rinasoft.howuse,10251,1,0
1527428599541,com.android.systemui,10007,1,0
1527428629723,com.android.systemui,10007,1,0
1527428649860,com.android.systemui,10007,1,0
1527428669958,com.android.systemui,10007,1,0
1527428700231,com.android.systemui,10007,1,0
1527428720278,com.android.systemui,10007,1,0
1527428740402,com.android.systemui,10007,1,0
1527428760470,com.android.systemui,10007,1,0
1527428767149,kr.co.rinasoft.howuse,10251,1,0
1527428790692,com.android.systemui,10007,1,0
1527428820858,com.android.systemui,10007,1,0
1527428840970,com.android.systemui,10007,1,0
1527428845095,gogolook.callgogolook2,10287,1,0
1527428845273,com.samsung.android.incallui,1001,1,0
1527428846379,com.samsung.android.incallui,1001,1,0
1527428847171,com.samsung.android.incallui,1001,1,0
1527428847330,com.samsung.android.incallui,1001,1,0
1527428847391,com.samsung.android.incallui,1001,1,0
1527428847458,com.samsung.android.incallui,1001,1,0
1527428851140,gogolook.callgogolook2,10287,1,0
1527428851269,com.samsung.android.incallui,1001,1,0
1527428851271,com.samsung.android.incallui,1001,1,0
1527428851282,com.samsung.android.incallui,1001,1,0
1527428851331,com.samsung.android.incallui,1001,1,0
1527428851445,com.samsung.android.incallui,1001,1,0
1527428851773,com.samsung.android.incallui,1001,1,0
1527428851859,com.samsung.android.incallui,1001,1,0
1527428851949,com.samsung.android.incallui,1001,1,0
1527428851986,com.samsung.android.incallui,1001,1,0
1527428852018,com.samsung.android.incallui,1001,1,0
1527428881247,com.android.systemui,10007,1,0
1527428903575,com.samsung.android.incallui,1001,1,0
1527428904412,com.samsung.android.incallui,1001,1,0
1527428904462,com.samsung.android.incallui,1001,1,0
1527428904710,gogolook.callgogolook2,10287,1,0
1527428905086,com.samsung.android.incallui,1001,1,0
1527428921511,com.android.systemui,10007,1,0
1527428941668,com.android.systemui,10007,1,0
1527428971821,com.android.systemui,10007,1,0
1527428991937,com.android.systemui,10007,1,0
1527429012048,com.android.systemui,10007,1,0
1527429021053,com.google.android.gm,10125,1,0
1527429021185,com.google.android.gm,10125,1,0
1527429032173,com.android.systemui,10007,1,0
1527429062313,com.android.systemui,10007,1,0
1527429082464,com.android.systemui,10007,1,0
1527429102595,com.android.systemui,10007,1,0
1527429122714,com.android.systemui,10007,1,0
1527429154696,kr.co.rinasoft.howuse,10251,1,0
1527429162940,com.android.systemui,10007,1,0
1527429183134,com.android.systemui,10007,1,0
1527429213261,com.android.systemui,10007,1,0
1527429233379,com.android.systemui,10007,1,0
1527429253505,com.android.systemui,10007,1,0
1527429273628,com.android.systemui,10007,1,0
1527429293745,com.android.systemui,10007,1,0
1527429323892,com.android.systemui,10007,1,0
1527429344029,com.android.systemui,10007,1,0
1527429364146,com.android.systemui,10007,1,0
1527429384267,com.android.systemui,10007,1,0
1527429404450,com.android.systemui,10007,1,0
1527429424496,com.android.systemui,10007,1,0
1527429454672,com.android.systemui,10007,1,0
1527429474808,com.android.systemui,10007,1,0
1527429497323,com.blinkslabs.blinkist.android,10305,1,0
1527429517839,kr.co.rinasoft.howuse,10251,1,0
1527429826634,com.blinkslabs.blinkist.android,10305,1,0
1527429827872,com.blinkslabs.blinkist.android,10305,1,0
1527429974600,com.blinkslabs.blinkist.android,10305,1,0
1527430470791,com.blinkslabs.blinkist.android,10305,1,0
1527430471630,com.blinkslabs.blinkist.android,10305,1,0
1527430653169,com.blinkslabs.blinkist.android,10305,1,0
1527430677790,com.nhn.android.band,10209,1,0
1527430677804,com.nhn.android.band,10209,1,0
1527431026548,com.nhn.android.band,10209,1,0
1527431026569,com.nhn.android.band,10209,1,0
1527431037459,com.nhn.android.band,10209,1,0
1527431037480,com.nhn.android.band,10209,1,0
1527431133891,com.kakao.talk,10194,1,0
1527434361847,com.facebook.katana,10275,1,0
1527434779966,kr.co.rinasoft.howuse,10251,1,0
1527437442403,kr.co.rinasoft.howuse,10251,1,0
1527437504480,kr.co.rinasoft.howuse,10251,1,0
1527437583085,kr.co.rinasoft.howuse,10251,1,0
1527437644671,kr.co.rinasoft.howuse,10251,1,0
1527437706432,kr.co.rinasoft.howuse,10251,1,0
1527437768420,kr.co.rinasoft.howuse,10251,1,0
1527437830530,kr.co.rinasoft.howuse,10251,1,0
1527437892168,kr.co.rinasoft.howuse,10251,1,0
1527437953778,kr.co.rinasoft.howuse,10251,1,0
1527438015367,kr.co.rinasoft.howuse,10251,1,0
1527438077125,kr.co.rinasoft.howuse,10251,1,0
1527438138802,kr.co.rinasoft.howuse,10251,1,0
1527438200475,kr.co.rinasoft.howuse,10251,1,0
1527438262222,kr.co.rinasoft.howuse,10251,1,0
1527438323962,kr.co.rinasoft.howuse,10251,1,0
1527438356065,com.instagram.android,10285,1,0
1527438385871,kr.co.rinasoft.howuse,10251,1,0
1527438447500,kr.co.rinasoft.howuse,10251,1,0
1527438509268,kr.co.rinasoft.howuse,10251,1,0
1527438570936,kr.co.rinasoft.howuse,10251,1,0
1527438632697,kr.co.rinasoft.howuse,10251,1,0
1527438694459,kr.co.rinasoft.howuse,10251,1,0
1527438756230,kr.co.rinasoft.howuse,10251,1,0
1527438817960,kr.co.rinasoft.howuse,10251,1,0
1527438879743,kr.co.rinasoft.howuse,10251,1,0
1527438941424,kr.co.rinasoft.howuse,10251,1,0
1527439003181,kr.co.rinasoft.howuse,10251,1,0
1527439064862,kr.co.rinasoft.howuse,10251,1,0
1527439126541,kr.co.rinasoft.howuse,10251,1,0
1527439188275,kr.co.rinasoft.howuse,10251,1,0
1527439250088,kr.co.rinasoft.howuse,10251,1,0
1527439311805,kr.co.rinasoft.howuse,10251,1,0
1527439373493,kr.co.rinasoft.howuse,10251,1,0
1527439435296,kr.co.rinasoft.howuse,10251,1,0
1527439498066,kr.co.rinasoft.howuse,10251,1,0
1527439559730,kr.co.rinasoft.howuse,10251,1,0
1527439621483,kr.co.rinasoft.howuse,10251,1,0
1527439683393,kr.co.rinasoft.howuse,10251,1,0
1527439745114,kr.co.rinasoft.howuse,10251,1,0
1527439806862,kr.co.rinasoft.howuse,10251,1,0
1527439868658,kr.co.rinasoft.howuse,10251,1,0
1527439930363,kr.co.rinasoft.howuse,10251,1,0
1527439992193,kr.co.rinasoft.howuse,10251,1,0
1527440053936,kr.co.rinasoft.howuse,10251,1,0
1527440115658,kr.co.rinasoft.howuse,10251,1,0
1527440177357,kr.co.rinasoft.howuse,10251,1,0
1527440239127,kr.co.rinasoft.howuse,10251,1,0
1527440300904,kr.co.rinasoft.howuse,10251,1,0
1527440362643,kr.co.rinasoft.howuse,10251,1,0
1527440426218,kr.co.rinasoft.howuse,10251,1,0
1527440492591,kr.co.rinasoft.howuse,10251,1,0
1527440559270,kr.co.rinasoft.howuse,10251,1,0
1527440625620,kr.co.rinasoft.howuse,10251,1,0
1527440692090,kr.co.rinasoft.howuse,10251,1,0
1527440758123,kr.co.rinasoft.howuse,10251,1,0
1527440824449,kr.co.rinasoft.howuse,10251,1,0
1527440890772,kr.co.rinasoft.howuse,10251,1,0
1527440957282,kr.co.rinasoft.howuse,10251,1,0
1527441023697,kr.co.rinasoft.howuse,10251,1,0
1527441090107,kr.co.rinasoft.howuse,10251,1,0
1527441156620,kr.co.rinasoft.howuse,10251,1,0
1527441222925,kr.co.rinasoft.howuse,10251,1,0
1527441289442,kr.co.rinasoft.howuse,10251,1,0
1527441355802,kr.co.rinasoft.howuse,10251,1,0
1527441422133,kr.co.rinasoft.howuse,10251,1,0
1527441488477,kr.co.rinasoft.howuse,10251,1,0
1527441554973,kr.co.rinasoft.howuse,10251,1,0
1527441621518,kr.co.rinasoft.howuse,10251,1,0
1527441687925,kr.co.rinasoft.howuse,10251,1,0
1527441754421,kr.co.rinasoft.howuse,10251,1,0
1527441820646,kr.co.rinasoft.howuse,10251,1,0
1527441886833,kr.co.rinasoft.howuse,10251,1,0
1527441953433,kr.co.rinasoft.howuse,10251,1,0
1527442019683,kr.co.rinasoft.howuse,10251,1,0
1527442089396,kr.co.rinasoft.howuse,10251,1,0
1527442151030,kr.co.rinasoft.howuse,10251,1,0
1527442206460,com.android.systemui,10007,1,0
1527442211284,com.android.systemui,10007,1,0
1527442227408,com.android.systemui,10007,1,0
1527442256935,com.android.systemui,10007,1,0
1527442263013,com.android.providers.downloads,10028,1,0
1527442263431,com.android.providers.downloads,10028,1,0
1527442263633,com.android.providers.downloads,10028,1,0
1527442263721,com.android.providers.downloads,10028,1,0
1527442263740,com.android.providers.downloads,10028,1,0
1527442263751,com.android.providers.downloads,10028,1,0
1527442263775,com.android.providers.downloads,10028,1,0
1527442264601,com.android.providers.downloads,10028,1,0
1527442264737,com.android.providers.downloads,10028,1,0
1527442266432,com.android.systemui,10007,1,0
1527442282133,com.android.vending,10040,1,0
1527442286515,com.android.systemui,10007,1,0
1527442296583,com.android.systemui,10007,1,0
1527442306604,com.android.systemui,10007,1,0
1527442329509,com.android.vending,10040,1,0
1527442329515,com.android.systemui,10007,1,0
1527442337008,com.android.systemui,10007,1,0
1527442367887,com.android.systemui,10007,1,0
1527442388840,com.android.systemui,10007,1,0
1527442398948,com.android.systemui,10007,1,0
1527442408971,com.android.systemui,10007,1,0
1527442419039,com.android.systemui,10007,1,0
1527442439153,com.android.systemui,10007,1,0
1527442449214,com.android.systemui,10007,1,0
1527442477377,com.android.systemui,10007,1,0
1527442499381,com.android.systemui,10007,1,0
1527442515485,com.android.systemui,10007,1,0
1527442522377,com.android.systemui,10007,1,0
1527442533365,com.android.systemui,10007,1,0
1527442541375,com.android.systemui,10007,1,0
1527442560394,com.android.systemui,10007,1,0
1527442591367,com.android.systemui,10007,1,0
1527442621495,com.android.systemui,10007,1,0
1527442632375,com.android.systemui,10007,1,0
1527442664361,com.android.systemui,10007,1,0
1527442670368,com.android.systemui,10007,1,0
1527442681402,com.android.systemui,10007,1,0
1527442712451,com.android.systemui,10007,1,0
1527442729456,com.android.systemui,10007,1,0
1527442741386,com.android.systemui,10007,1,0
1527442772363,com.android.systemui,10007,1,0
1527442801392,com.android.systemui,10007,1,0
1527442812366,com.android.systemui,10007,1,0
1527442844451,com.android.systemui,10007,1,0
1527442856686,com.android.systemui,10007,1,0
1527442868420,com.android.systemui,10007,1,0
1527442887388,com.android.systemui,10007,1,0
1527442918373,com.android.systemui,10007,1,0
1527442923349,com.android.systemui,10007,1,0
1527442954449,com.android.systemui,10007,1,0
1527442981410,com.android.systemui,10007,1,0
1527443011366,com.android.systemui,10007,1,0
1527443029376,com.android.systemui,10007,1,0
1527443041648,com.android.systemui,10007,1,0
1527443073357,com.android.systemui,10007,1,0
1527443101381,com.android.systemui,10007,1,0
1527443132376,com.android.systemui,10007,1,0
1527443161441,com.android.systemui,10007,1,0
1527443194374,com.android.systemui,10007,1,0
1527443221397,com.android.systemui,10007,1,0
1527443252441,com.android.systemui,10007,1,0
1527443281391,com.android.systemui,10007,1,0
1527443312380,com.android.systemui,10007,1,0
1527443329451,com.android.systemui,10007,1,0
1527443340369,com.android.systemui,10007,1,0
1527443349373,com.android.systemui,10007,1,0
1527443381440,com.android.systemui,10007,1,0
1527443400373,com.android.systemui,10007,1,0
1527443431362,com.android.systemui,10007,1,0
1527443441384,com.android.systemui,10007,1,0
1527443461444,com.android.systemui,10007,1,0
1527443492439,com.android.systemui,10007,1,0
1527443507371,com.android.systemui,10007,1,0
1527443521425,com.android.systemui,10007,1,0
1527443552385,com.android.systemui,10007,1,0
1527443581496,com.android.systemui,10007,1,0
1527443612366,com.android.systemui,10007,1,0
1527443629393,com.android.systemui,10007,1,0
1527443639444,com.android.systemui,10007,1,0
1527443673378,com.android.systemui,10007,1,0
1527443701466,com.android.systemui,10007,1,0
1527443735393,com.android.systemui,10007,1,0
1527443760450,com.android.systemui,10007,1,0
1527443791375,com.android.systemui,10007,1,0
1527443821466,com.android.systemui,10007,1,0
1527443852371,com.android.systemui,10007,1,0
1527443881441,com.android.systemui,10007,1,0
1527443912462,com.android.systemui,10007,1,0
1527443929420,com.android.systemui,10007,1,0
1527443940376,com.android.systemui,10007,1,0
1527443969377,com.android.systemui,10007,1,0
1527446480128,com.sec.android.app.samsungapps,10025,1,1
1527446480164,com.sec.android.app.samsungapps,10025,1,1
1527446481835,com.sec.android.app.samsungapps,10025,1,1
1527446482815,com.sec.android.app.samsungapps,10025,1,1
1527446483295,com.sec.android.app.samsungapps,10025,1,1
1527446483332,com.sec.android.app.samsungapps,10025,1,1
1527446525892,com.google.android.apps.photos,10158,1,1
1527446553079,com.sec.android.app.samsungapps,10025,1,1
1527446675810,com.sec.android.daemonapp,10150,1,1
1527454934609,msnl.unist.smartpushscheduler,10310,0,1
1527458401204,com.sec.android.app.clockpackage,10176,1,1
1527458402390,msnl.unist.smartpushscheduler,10310,0,1
1527458402408,msnl.unist.smartpushscheduler,10310,0,1
1527458404268,msnl.unist.smartpushscheduler,10310,0,1
1527458411614,msnl.unist.smartpushscheduler,10310,0,1
1527458411624,msnl.unist.smartpushscheduler,10310,0,1
1527458414675,msnl.unist.smartpushscheduler,10310,0,1
1527458414736,msnl.unist.smartpushscheduler,10310,0,1
1527458420899,msnl.unist.smartpushscheduler,10310,0,1
1527458420940,msnl.unist.smartpushscheduler,10310,0,1
1527458420951,msnl.unist.smartpushscheduler,10310,0,1
1527458420968,msnl.unist.smartpushscheduler,10310,0,1
1527458420978,msnl.unist.smartpushscheduler,10310,0,1
1527458421003,msnl.unist.smartpushscheduler,10310,0,1
1527458421009,msnl.unist.smartpushscheduler,10310,0,1
1527458421010,msnl.unist.smartpushscheduler,10310,0,1
1527458421081,msnl.unist.smartpushscheduler,10310,0,1
1527458421083,msnl.unist.smartpushscheduler,10310,0,1
1527458421204,msnl.unist.smartpushscheduler,10310,0,1
1527458421210,msnl.unist.smartpushscheduler,10310,0,1
1527458421249,msnl.unist.smartpushscheduler,10310,0,1
1527458421251,msnl.unist.smartpushscheduler,10310,0,1
1527458421284,msnl.unist.smartpushscheduler,10310,0,1
1527458421290,msnl.unist.smartpushscheduler,10310,0,1
1527458421569,msnl.unist.smartpushscheduler,10310,0,1
1527458421587,msnl.unist.smartpushscheduler,10310,0,1
1527458421744,msnl.unist.smartpushscheduler,10310,0,1
1527458421747,msnl.unist.smartpushscheduler,10310,0,1
1527458422258,msnl.unist.smartpushscheduler,10310,0,1
1527458422272,msnl.unist.smartpushscheduler,10310,0,1
1527458422278,msnl.unist.smartpushscheduler,10310,0,1
1527458422281,msnl.unist.smartpushscheduler,10310,0,1
1527458432967,msnl.unist.smartpushscheduler,10310,0,1
1527458432977,msnl.unist.smartpushscheduler,10310,0,1
1527458737543,msnl.unist.smartpushscheduler,10310,0,1
1527460201916,msnl.unist.smartpushscheduler,10310,0,1
1527460201926,msnl.unist.smartpushscheduler,10310,0,1
1527460202395,msnl.unist.smartpushscheduler,10310,0,1
1527460216751,msnl.unist.smartpushscheduler,10310,0,1
1527460216771,msnl.unist.smartpushscheduler,10310,0,1
1527460237825,msnl.unist.smartpushscheduler,10310,0,1
1527460237843,msnl.unist.smartpushscheduler,10310,0,1
1527460259234,msnl.unist.smartpushscheduler,10310,0,1
1527460259261,msnl.unist.smartpushscheduler,10310,0,1
1527460265976,msnl.unist.smartpushscheduler,10310,0,1
1527460266014,msnl.unist.smartpushscheduler,10310,0,1
1527460267937,msnl.unist.smartpushscheduler,10310,0,1
1527460267972,msnl.unist.smartpushscheduler,10310,0,1
1527460267986,msnl.unist.smartpushscheduler,10310,0,1
1527460267990,msnl.unist.smartpushscheduler,10310,0,1
1527460308721,msnl.unist.smartpushscheduler,10310,0,1
1527460308754,msnl.unist.smartpushscheduler,10310,0,1
1527460503393,msnl.unist.smartpushscheduler,10310,0,1
1527460511019,msnl.unist.smartpushscheduler,10310,0,1
1527460511021,msnl.unist.smartpushscheduler,10310,0,1
1527460517401,msnl.unist.smartpushscheduler,10310,0,1
1527460517419,msnl.unist.smartpushscheduler,10310,0,1
1527460801808,msnl.unist.smartpushscheduler,10310,0,1
1527460808635,msnl.unist.smartpushscheduler,10310,0,1
1527460808657,msnl.unist.smartpushscheduler,10310,0,1
1527460808756,msnl.unist.smartpushscheduler,10310,0,1
1527460808759,msnl.unist.smartpushscheduler,10310,0,1
1527460808766,msnl.unist.smartpushscheduler,10310,0,1
1527460808768,msnl.unist.smartpushscheduler,10310,0,1
1527460808770,msnl.unist.smartpushscheduler,10310,0,1
1527460808796,msnl.unist.smartpushscheduler,10310,0,1
1527460808799,msnl.unist.smartpushscheduler,10310,0,1
1527460808823,msnl.unist.smartpushscheduler,10310,0,1
1527460808827,msnl.unist.smartpushscheduler,10310,0,1
1527460811284,msnl.unist.smartpushscheduler,10310,0,1
1527460811444,msnl.unist.smartpushscheduler,10310,0,1
1527460842435,msnl.unist.smartpushscheduler,10310,0,1
1527460842443,msnl.unist.smartpushscheduler,10310,0,1
1527460843059,msnl.unist.smartpushscheduler,10310,0,1
1527460843198,msnl.unist.smartpushscheduler,10310,0,1
1527460843216,msnl.unist.smartpushscheduler,10310,0,1
1527460852881,msnl.unist.smartpushscheduler,10310,0,1
1527460853247,msnl.unist.smartpushscheduler,10310,0,1
1527460854867,msnl.unist.smartpushscheduler,10310,0,1
1527460855027,msnl.unist.smartpushscheduler,10310,0,1
1527460959292,msnl.unist.smartpushscheduler,10310,0,1
1527460959314,msnl.unist.smartpushscheduler,10310,0,1
1527461479293,msnl.unist.smartpushscheduler,10310,0,1
1527461479760,msnl.unist.smartpushscheduler,10310,0,1
1527461479779,msnl.unist.smartpushscheduler,10310,0,1
1527461480385,msnl.unist.smartpushscheduler,10310,0,1
1527461486157,msnl.unist.smartpushscheduler,10310,0,1
1527461636293,msnl.unist.smartpushscheduler,10310,0,1
1527461636315,msnl.unist.smartpushscheduler,10310,0,1
1527461749855,msnl.unist.smartpushscheduler,10310,0,1
1527461749887,msnl.unist.smartpushscheduler,10310,0,1
1527461756304,msnl.unist.smartpushscheduler,10310,0,1
1527462001165,com.sec.android.app.clockpackage,10176,1,0
1527462002262,msnl.unist.smartpushscheduler,10310,0,0
1527462004568,msnl.unist.smartpushscheduler,10310,0,0
1527462004571,msnl.unist.smartpushscheduler,10310,0,0
1527462008018,msnl.unist.smartpushscheduler,10310,0,0
1527462008055,msnl.unist.smartpushscheduler,10310,0,0
1527462008067,msnl.unist.smartpushscheduler,10310,0,0
1527462008070,msnl.unist.smartpushscheduler,10310,0,0
1527462009603,msnl.unist.smartpushscheduler,10310,0,0
1527462009610,msnl.unist.smartpushscheduler,10310,0,0
1527462015882,msnl.unist.smartpushscheduler,10310,0,0
1527462015894,msnl.unist.smartpushscheduler,10310,0,0
1527462126938,msnl.unist.smartpushscheduler,10310,0,0
1527462127089,msnl.unist.smartpushscheduler,10310,0,0
1527462127633,msnl.unist.smartpushscheduler,10310,0,0
1527462127639,msnl.unist.smartpushscheduler,10310,0,0
1527462127800,msnl.unist.smartpushscheduler,10310,0,0
1527462128167,msnl.unist.smartpushscheduler,10310,0,0
1527462128201,msnl.unist.smartpushscheduler,10310,0,0
1527462128369,msnl.unist.smartpushscheduler,10310,0,0
1527462129627,msnl.unist.smartpushscheduler,10310,0,0
1527462129661,msnl.unist.smartpushscheduler,10310,0,0
1527462129989,msnl.unist.smartpushscheduler,10310,0,0
1527462130018,msnl.unist.smartpushscheduler,10310,0,0
1527462132867,msnl.unist.smartpushscheduler,10310,0,0
1527462132885,msnl.unist.smartpushscheduler,10310,0,0
1527462155316,msnl.unist.smartpushscheduler,10310,0,0
1527462176327,msnl.unist.smartpushscheduler,10310,0,0
1527462176342,msnl.unist.smartpushscheduler,10310,0,0
1527462176349,msnl.unist.smartpushscheduler,10310,0,0
1527462181287,msnl.unist.smartpushscheduler,10310,0,0
1527462181316,msnl.unist.smartpushscheduler,10310,0,0
1527462181432,msnl.unist.smartpushscheduler,10310,0,0
1527462181445,msnl.unist.smartpushscheduler,10310,0,0
1527462186103,msnl.unist.smartpushscheduler,10310,0,0
1527462187108,msnl.unist.smartpushscheduler,10310,0,0
1527462187195,msnl.unist.smartpushscheduler,10310,0,0
1527462189273,msnl.unist.smartpushscheduler,10310,0,0
1527462189341,msnl.unist.smartpushscheduler,10310,0,0
1527462189377,msnl.unist.smartpushscheduler,10310,0,0
1527462189385,msnl.unist.smartpushscheduler,10310,0,0
1527462190335,msnl.unist.smartpushscheduler,10310,0,0
1527462190438,msnl.unist.smartpushscheduler,10310,0,0
1527462190457,msnl.unist.smartpushscheduler,10310,0,0
1527462190471,msnl.unist.smartpushscheduler,10310,0,0
1527462191528,msnl.unist.smartpushscheduler,10310,0,0
1527462191549,msnl.unist.smartpushscheduler,10310,0,0
1527462191625,msnl.unist.smartpushscheduler,10310,0,0
1527462193042,msnl.unist.smartpushscheduler,10310,0,0
1527462193079,msnl.unist.smartpushscheduler,10310,0,0
1527462227373,msnl.unist.smartpushscheduler,10310,0,0
1527462227389,msnl.unist.smartpushscheduler,10310,0,0
1527462237355,msnl.unist.smartpushscheduler,10310,0,0
1527462237392,msnl.unist.smartpushscheduler,10310,0,0
1527462238018,msnl.unist.smartpushscheduler,10310,0,0
1527462239537,msnl.unist.smartpushscheduler,10310,0,0
1527462247332,msnl.unist.smartpushscheduler,10310,0,0
1527462247348,msnl.unist.smartpushscheduler,10310,0,0
1527462247551,msnl.unist.smartpushscheduler,10310,0,0
1527462256297,msnl.unist.smartpushscheduler,10310,0,0
1527462267321,msnl.unist.smartpushscheduler,10310,0,0
1527462267335,msnl.unist.smartpushscheduler,10310,0,0
1527462267360,msnl.unist.smartpushscheduler,10310,0,0
1527462267369,msnl.unist.smartpushscheduler,10310,0,0
1527462267373,msnl.unist.smartpushscheduler,10310,0,0
1527462268209,msnl.unist.smartpushscheduler,10310,0,0
1527462268241,msnl.unist.smartpushscheduler,10310,0,0
1527462278633,msnl.unist.smartpushscheduler,10310,0,0
1527462297419,msnl.unist.smartpushscheduler,10310,0,0
1527462297494,msnl.unist.smartpushscheduler,10310,0,0
1527462298068,msnl.unist.smartpushscheduler,10310,0,0
1527462298553,msnl.unist.smartpushscheduler,10310,0,0
1527462298568,msnl.unist.smartpushscheduler,10310,0,0
1527462301343,msnl.unist.smartpushscheduler,10310,0,0
1527462301391,msnl.unist.smartpushscheduler,10310,0,0
1527462301397,msnl.unist.smartpushscheduler,10310,0,0
1527462301403,msnl.unist.smartpushscheduler,10310,0,0
1527462301409,msnl.unist.smartpushscheduler,10310,0,0
1527462301416,msnl.unist.smartpushscheduler,10310,0,0
1527462301741,msnl.unist.smartpushscheduler,10310,0,0
1527462301832,msnl.unist.smartpushscheduler,10310,0,0
1527462301863,msnl.unist.smartpushscheduler,10310,0,0
1527462305439,msnl.unist.smartpushscheduler,10310,0,0
1527462305461,msnl.unist.smartpushscheduler,10310,0,0
1527462305463,msnl.unist.smartpushscheduler,10310,0,0
1527462305466,msnl.unist.smartpushscheduler,10310,0,0
1527462305468,msnl.unist.smartpushscheduler,10310,0,0
1527462305470,msnl.unist.smartpushscheduler,10310,0,0
1527462305473,msnl.unist.smartpushscheduler,10310,0,0
1527462305475,msnl.unist.smartpushscheduler,10310,0,0
1527462305478,msnl.unist.smartpushscheduler,10310,0,0
1527462305480,msnl.unist.smartpushscheduler,10310,0,0
1527462305482,msnl.unist.smartpushscheduler,10310,0,0
1527462305484,msnl.unist.smartpushscheduler,10310,0,0
1527462305486,msnl.unist.smartpushscheduler,10310,0,0
1527462305889,msnl.unist.smartpushscheduler,10310,0,0
1527462306014,msnl.unist.smartpushscheduler,10310,0,0
1527462306031,msnl.unist.smartpushscheduler,10310,0,0
1527462306116,msnl.unist.smartpushscheduler,10310,0,0
1527462307013,msnl.unist.smartpushscheduler,10310,0,0
1527462307021,msnl.unist.smartpushscheduler,10310,0,0
1527462307094,msnl.unist.smartpushscheduler,10310,0,0
1527462307121,msnl.unist.smartpushscheduler,10310,0,0
1527462307214,msnl.unist.smartpushscheduler,10310,0,0
1527462308115,msnl.unist.smartpushscheduler,10310,0,0
1527462308143,msnl.unist.smartpushscheduler,10310,0,0
1527462308205,msnl.unist.smartpushscheduler,10310,0,0
1527462308222,msnl.unist.smartpushscheduler,10310,0,0
1527462320443,msnl.unist.smartpushscheduler,10310,0,0
1527462320464,msnl.unist.smartpushscheduler,10310,0,0
1527462320467,msnl.unist.smartpushscheduler,10310,0,0
1527462320469,msnl.unist.smartpushscheduler,10310,0,0
1527462320471,msnl.unist.smartpushscheduler,10310,0,0
1527462320473,msnl.unist.smartpushscheduler,10310,0,0
1527462320477,msnl.unist.smartpushscheduler,10310,0,0
1527462320479,msnl.unist.smartpushscheduler,10310,0,0
1527462320481,msnl.unist.smartpushscheduler,10310,0,0
1527462320483,msnl.unist.smartpushscheduler,10310,0,0
1527462320485,msnl.unist.smartpushscheduler,10310,0,0
1527462320487,msnl.unist.smartpushscheduler,10310,0,0
1527462320489,msnl.unist.smartpushscheduler,10310,0,0
1527462320491,msnl.unist.smartpushscheduler,10310,0,0
1527462320493,msnl.unist.smartpushscheduler,10310,0,0
1527462320495,msnl.unist.smartpushscheduler,10310,0,0
1527462320498,msnl.unist.smartpushscheduler,10310,0,0
1527462320499,msnl.unist.smartpushscheduler,10310,0,0
1527462320501,msnl.unist.smartpushscheduler,10310,0,0
1527462320503,msnl.unist.smartpushscheduler,10310,0,0
1527462320506,msnl.unist.smartpushscheduler,10310,0,0
1527462320508,msnl.unist.smartpushscheduler,10310,0,0
1527462320509,msnl.unist.smartpushscheduler,10310,0,0
1527462320512,msnl.unist.smartpushscheduler,10310,0,0
1527462320517,msnl.unist.smartpushscheduler,10310,0,0
1527462320519,msnl.unist.smartpushscheduler,10310,0,0
1527462320522,msnl.unist.smartpushscheduler,10310,0,0
1527462320526,msnl.unist.smartpushscheduler,10310,0,0
1527462320529,msnl.unist.smartpushscheduler,10310,0,0
1527462320531,msnl.unist.smartpushscheduler,10310,0,0
1527462320534,msnl.unist.smartpushscheduler,10310,0,0
1527462320537,msnl.unist.smartpushscheduler,10310,0,0
1527462320539,msnl.unist.smartpushscheduler,10310,0,0
1527462320541,msnl.unist.smartpushscheduler,10310,0,0
1527462320543,msnl.unist.smartpushscheduler,10310,0,0
1527462320544,msnl.unist.smartpushscheduler,10310,0,0
1527462320547,msnl.unist.smartpushscheduler,10310,0,0
1527462320549,msnl.unist.smartpushscheduler,10310,0,0
1527462320551,msnl.unist.smartpushscheduler,10310,0,0
1527462320553,msnl.unist.smartpushscheduler,10310,0,0
1527462320555,msnl.unist.smartpushscheduler,10310,0,0
1527462320557,msnl.unist.smartpushscheduler,10310,0,0
1527462320560,msnl.unist.smartpushscheduler,10310,0,0
1527462320561,msnl.unist.smartpushscheduler,10310,0,0
1527462320563,msnl.unist.smartpushscheduler,10310,0,0
1527462320565,msnl.unist.smartpushscheduler,10310,0,0
1527462320567,msnl.unist.smartpushscheduler,10310,0,0
1527462320569,msnl.unist.smartpushscheduler,10310,0,0
1527462320571,msnl.unist.smartpushscheduler,10310,0,0
1527462320573,msnl.unist.smartpushscheduler,10310,0,0
1527462320575,msnl.unist.smartpushscheduler,10310,0,0
1527462320577,msnl.unist.smartpushscheduler,10310,0,0
1527462320579,msnl.unist.smartpushscheduler,10310,0,0
1527462320581,msnl.unist.smartpushscheduler,10310,0,0
1527462320583,msnl.unist.smartpushscheduler,10310,0,0
1527462320585,msnl.unist.smartpushscheduler,10310,0,0
1527462320587,msnl.unist.smartpushscheduler,10310,0,0
1527462320589,msnl.unist.smartpushscheduler,10310,0,0
1527462321147,msnl.unist.smartpushscheduler,10310,0,0
1527462321154,msnl.unist.smartpushscheduler,10310,0,0
1527462321159,msnl.unist.smartpushscheduler,10310,0,0
1527462323441,msnl.unist.smartpushscheduler,10310,0,0
1527462323453,msnl.unist.smartpushscheduler,10310,0,0
1527462323460,msnl.unist.smartpushscheduler,10310,0,0
1527462323466,msnl.unist.smartpushscheduler,10310,0,0
1527462323468,msnl.unist.smartpushscheduler,10310,0,0
1527462323470,msnl.unist.smartpushscheduler,10310,0,0
1527462323472,msnl.unist.smartpushscheduler,10310,0,0
1527462323474,msnl.unist.smartpushscheduler,10310,0,0
1527462323476,msnl.unist.smartpushscheduler,10310,0,0
1527462323478,msnl.unist.smartpushscheduler,10310,0,0
1527462323480,msnl.unist.smartpushscheduler,10310,0,0
1527462323482,msnl.unist.smartpushscheduler,10310,0,0
1527462323727,msnl.unist.smartpushscheduler,10310,0,0
1527462323744,msnl.unist.smartpushscheduler,10310,0,0
1527462323763,msnl.unist.smartpushscheduler,10310,0,0
1527462323835,msnl.unist.smartpushscheduler,10310,0,0
1527462323851,msnl.unist.smartpushscheduler,10310,0,0
1527462330544,msnl.unist.smartpushscheduler,10310,0,0
1527462330610,msnl.unist.smartpushscheduler,10310,0,0
1527462330623,msnl.unist.smartpushscheduler,10310,0,0
1527462330628,msnl.unist.smartpushscheduler,10310,0,0
1527462330631,msnl.unist.smartpushscheduler,10310,0,0
1527462330636,msnl.unist.smartpushscheduler,10310,0,0
1527462330640,msnl.unist.smartpushscheduler,10310,0,0
1527462330647,msnl.unist.smartpushscheduler,10310,0,0
1527462330652,msnl.unist.smartpushscheduler,10310,0,0
1527462330654,msnl.unist.smartpushscheduler,10310,0,0
1527462330657,msnl.unist.smartpushscheduler,10310,0,0
1527462330662,msnl.unist.smartpushscheduler,10310,0,0
1527462330666,msnl.unist.smartpushscheduler,10310,0,0
1527462330669,msnl.unist.smartpushscheduler,10310,0,0
1527462330676,msnl.unist.smartpushscheduler,10310,0,0
1527462330678,msnl.unist.smartpushscheduler,10310,0,0
1527462330680,msnl.unist.smartpushscheduler,10310,0,0
1527462330682,msnl.unist.smartpushscheduler,10310,0,0
1527462330685,msnl.unist.smartpushscheduler,10310,0,0
1527462330687,msnl.unist.smartpushscheduler,10310,0,0
1527462330690,msnl.unist.smartpushscheduler,10310,0,0
1527462330692,msnl.unist.smartpushscheduler,10310,0,0
1527462330695,msnl.unist.smartpushscheduler,10310,0,0
1527462330697,msnl.unist.smartpushscheduler,10310,0,0
1527462330700,msnl.unist.smartpushscheduler,10310,0,0
1527462330702,msnl.unist.smartpushscheduler,10310,0,0
1527462330704,msnl.unist.smartpushscheduler,10310,0,0
1527462330706,msnl.unist.smartpushscheduler,10310,0,0
1527462330709,msnl.unist.smartpushscheduler,10310,0,0
1527462331474,msnl.unist.smartpushscheduler,10310,0,0
1527462331494,msnl.unist.smartpushscheduler,10310,0,0
1527462331557,msnl.unist.smartpushscheduler,10310,0,0
1527462331584,msnl.unist.smartpushscheduler,10310,0,0
1527462331595,msnl.unist.smartpushscheduler,10310,0,0
1527462331641,msnl.unist.smartpushscheduler,10310,0,0
1527462600425,com.kakao.talk,10194,1,0
1527462605255,com.kakao.talk,10194,1,0
1527462864024,kr.co.rinasoft.howuse,10251,1,0
1527463061167,com.wr.alrim,10197,1,0
1527463061258,com.wr.alrim,10197,1,0
1527463661804,kr.co.rinasoft.howuse,10251,1,0
1527463680894,com.nhn.android.music,10210,1,0
1527463681909,com.nhn.android.music,10210,1,0
1527463801180,com.sec.android.app.clockpackage,10176,1,0
1527463801875,com.nhn.android.music,10210,1,0
1527463804353,com.nhn.android.music,10210,1,0
1527463813375,kr.co.rinasoft.howuse,10251,1,0
1527463881478,com.nhn.android.music,10210,1,0
1527463890178,com.nhn.android.music,10210,1,0
1527463893846,com.nhn.android.music,10210,1,0
1527463894480,com.nhn.android.music,10210,1,0
1527464181259,com.nhn.android.music,10210,1,0
1527464181757,com.nhn.android.music,10210,1,0
1527464403930,com.nhn.android.music,10210,1,0
1527464404631,com.nhn.android.music,10210,1,0
1527464461009,com.nhn.android.music,10210,1,0
1527465009154,kr.co.rinasoft.howuse,10251,1,0
1527465600970,com.sec.android.app.clockpackage,10176,1,0
1527465623254,com.saltybright.android.verse,10293,1,0
1527465633261,kr.co.rinasoft.howuse,10251,1,0
1527465695160,kr.co.rinasoft.howuse,10251,1,0
1527465757074,kr.co.rinasoft.howuse,10251,1,0
1527465972293,kr.co.rinasoft.howuse,10251,1,0
1527466034297,kr.co.rinasoft.howuse,10251,1,0
1527466095991,kr.co.rinasoft.howuse,10251,1,0
1527466703476,com.kakao.talk,10194,1,0
1527467667172,kr.co.rinasoft.howuse,10251,1,0
1527467672915,com.nhn.android.band,10209,1,0
1527467675043,com.nhn.android.band,10209,1,0
1527467675110,com.nhn.android.band,10209,1,0
1527467675699,com.nhn.android.band,10209,1,0
1527467675798,com.nhn.android.band,10209,1,0
1527467676141,com.nhn.android.band,10209,1,0
1527467676286,com.nhn.android.band,10209,1,0
1527467676747,com.nhn.android.band,10209,1,0
1527467677135,com.nhn.android.band,10209,1,0
1527467807814,kr.co.rinasoft.howuse,10251,1,0
1527467869413,kr.co.rinasoft.howuse,10251,1,0
1527468870577,com.google.android.gm,10125,1,0
1527468870650,com.google.android.gm,10125,1,0
1527468890501,kr.co.rinasoft.howuse,10251,1,0
1527468952003,kr.co.rinasoft.howuse,10251,1,0
1527469465005,android,1000,1,0
1527469486497,kr.co.rinasoft.howuse,10251,1,0
1527469710403,com.samsung.android.messaging,10083,1,0
1527469710681,com.samsung.android.messaging,10083,1,0
1527469710775,com.samsung.android.messaging,10083,1,0
1527470185663,gogolook.callgogolook2,10287,1,0
1527470186105,com.samsung.android.incallui,1001,1,0
1527470187041,com.samsung.android.incallui,1001,1,0
1527470188014,com.samsung.android.incallui,1001,1,0
1527470188174,com.samsung.android.incallui,1001,1,0
1527470188452,com.samsung.android.incallui,1001,1,0
1527470188592,com.samsung.android.incallui,1001,1,0
1527470193704,gogolook.callgogolook2,10287,1,0
1527470193741,com.samsung.android.incallui,1001,1,0
1527470193743,com.samsung.android.incallui,1001,1,0
1527470193917,com.samsung.android.incallui,1001,1,0
1527470194326,com.samsung.android.incallui,1001,1,0
1527470194388,com.samsung.android.incallui,1001,1,0
1527470194571,com.samsung.android.incallui,1001,1,0
1527470194702,com.samsung.android.incallui,1001,1,0
1527470194885,com.samsung.android.incallui,1001,1,0
1527470294890,com.samsung.android.incallui,1001,1,0
1527470295092,com.samsung.android.incallui,1001,1,0
1527470295147,com.samsung.android.incallui,1001,1,0
1527470295421,gogolook.callgogolook2,10287,1,0
1527470295791,com.samsung.android.incallui,1001,1,0
1527471883591,com.kakao.talk,10194,1,0
1527471984517,com.kakao.talk,10194,1,0
1527472024664,com.kakao.talk,10194,1,0
1527472025375,com.kakao.talk,10194,1,0
1527472026012,com.kakao.talk,10194,1,0
1527472026223,com.kakao.talk,10194,1,0
1527472064480,com.kakao.talk,10194,1,0
1527472149433,com.kakao.talk,10194,1,0
1527472149503,com.kakao.talk,10194,1,0
1527472149994,com.kakao.talk,10194,1,0
1527472168423,com.kakao.talk,10194,1,0
1527472168492,com.kakao.talk,10194,1,0
1527472168977,com.kakao.talk,10194,1,0
1527472591588,com.kakao.talk,10194,1,0
1527472597603,com.kakao.talk,10194,1,0
1527472638455,com.kakao.talk,10194,1,0
1527475330980,kr.co.rinasoft.howuse,10251,1,0
1527475392623,kr.co.rinasoft.howuse,10251,1,0
1527475454131,kr.co.rinasoft.howuse,10251,1,0
1527475515777,kr.co.rinasoft.howuse,10251,1,0
1527475522504,com.kakao.talk,10194,1,0
1527475694807,kr.co.rinasoft.howuse,10251,1,0
1527475876630,com.kakao.talk,10194,1,0
1527476127351,com.nhn.android.band,10209,1,0
1527476127366,com.nhn.android.band,10209,1,0
1527476212092,com.kakao.talk,10194,1,0
1527476212207,com.kakao.talk,10194,1,0
1527476212675,com.kakao.talk,10194,1,0
1527476335526,com.google.android.gm,10125,1,0
1527476335579,com.google.android.gm,10125,1,0
1527476402504,com.sec.android.app.clockpackage,10176,1,0
1527476434244,kr.co.rinasoft.howuse,10251,1,0
1527476603844,com.kakao.talk,10194,1,0
1527476604537,com.kakao.talk,10194,1,0
1527476604618,com.kakao.talk,10194,1,0
1527476615066,com.kakao.talk,10194,1,0
1527476615660,com.kakao.talk,10194,1,0
1527476615734,com.kakao.talk,10194,1,0
1527476642475,com.kakao.talk,10194,1,0
1527476642540,com.kakao.talk,10194,1,0
1527476643046,com.kakao.talk,10194,1,0
1527476645418,com.kakao.talk,10194,1,0
1527476645487,com.kakao.talk,10194,1,0
1527476646021,com.kakao.talk,10194,1,0
1527476650438,com.kakao.talk,10194,1,0
1527476650489,com.kakao.talk,10194,1,0
1527476651001,com.kakao.talk,10194,1,0
1527476654443,com.kakao.talk,10194,1,0
1527476654503,com.kakao.talk,10194,1,0
1527476655013,com.kakao.talk,10194,1,0
1527476666430,com.kakao.talk,10194,1,0
1527476666493,com.kakao.talk,10194,1,0
1527476667016,com.kakao.talk,10194,1,0
1527476670462,com.kakao.talk,10194,1,0
1527476670552,com.kakao.talk,10194,1,0
1527476671045,com.kakao.talk,10194,1,0
1527476680453,com.kakao.talk,10194,1,0
1527476680514,com.kakao.talk,10194,1,0
1527476681031,com.kakao.talk,10194,1,0
1527476706469,com.kakao.talk,10194,1,0
1527476706534,com.kakao.talk,10194,1,0
1527476707007,com.kakao.talk,10194,1,0
1527478382527,com.kakao.talk,10194,1,0
1527478382619,com.kakao.talk,10194,1,0
1527478383094,com.kakao.talk,10194,1,0
1527478496396,com.kakao.talk,10194,1,0
1527478496482,com.kakao.talk,10194,1,0
1527478496993,com.kakao.talk,10194,1,0
1527478499525,com.kakao.talk,10194,1,0
1527478499606,com.kakao.talk,10194,1,0
1527478500097,com.kakao.talk,10194,1,0
1527479451735,com.kakao.talk,10194,1,0
1527479453268,com.kakao.talk,10194,1,0
1527479454184,com.kakao.talk,10194,1,0
1527479454708,com.kakao.talk,10194,1,0
1527479470450,com.kakao.talk,10194,1,0
1527479474545,com.kakao.talk,10194,1,0
1527479490697,com.kakao.talk,10194,1,0
1527479491235,com.kakao.talk,10194,1,0
1527479491320,kr.co.rinasoft.howuse,10251,1,0
1527479494276,com.kakao.talk,10194,1,0
1527479494310,com.kakao.talk,10194,1,0
1527479494965,com.kakao.talk,10194,1,0
1527479496182,com.kakao.talk,10194,1,0
1527479496273,com.kakao.talk,10194,1,0
1527479496518,com.kakao.talk,10194,1,0
1527479496715,com.kakao.talk,10194,1,0
1527479498256,com.kakao.talk,10194,1,0
1527479501015,com.kakao.talk,10194,1,0
1527479507031,com.kakao.talk,10194,1,0
1527479518493,com.kakao.talk,10194,1,0
1527479552825,kr.co.rinasoft.howuse,10251,1,0
1527479614267,kr.co.rinasoft.howuse,10251,1,0
1527479672767,com.kakao.talk,10194,1,0
1527479675745,kr.co.rinasoft.howuse,10251,1,0
1527479678079,com.kakao.talk,10194,1,0
1527479737180,kr.co.rinasoft.howuse,10251,1,0
1527479799021,kr.co.rinasoft.howuse,10251,1,0
1527479860768,kr.co.rinasoft.howuse,10251,1,0
1527479922458,kr.co.rinasoft.howuse,10251,1,0
1527479983994,kr.co.rinasoft.howuse,10251,1,0
1527480086096,msnl.unist.smartpushscheduler,10310,0,1
1527481519783,msnl.unist.smartpushscheduler,10310,0,1
1527481645385,msnl.unist.smartpushscheduler,10310,0,1
1527481645395,msnl.unist.smartpushscheduler,10310,0,1
1527482278492,msnl.unist.smartpushscheduler,10310,0,1
1527482278505,msnl.unist.smartpushscheduler,10310,0,1
1527482288751,msnl.unist.smartpushscheduler,10310,0,1
1527482288938,msnl.unist.smartpushscheduler,10310,0,1
1527482354960,msnl.unist.smartpushscheduler,10310,0,1
1527482355133,msnl.unist.smartpushscheduler,10310,0,1
1527482356928,msnl.unist.smartpushscheduler,10310,0,1
1527482357147,msnl.unist.smartpushscheduler,10310,0,1
1527482362395,msnl.unist.smartpushscheduler,10310,0,1
1527482362513,msnl.unist.smartpushscheduler,10310,0,1
1527482404815,msnl.unist.smartpushscheduler,10310,0,1
1527482451407,msnl.unist.smartpushscheduler,10310,0,1
1527482451613,msnl.unist.smartpushscheduler,10310,0,1
1527482571637,msnl.unist.smartpushscheduler,10310,0,1
1527482571829,msnl.unist.smartpushscheduler,10310,0,1
1527482584428,msnl.unist.smartpushscheduler,10310,0,1
1527482682858,msnl.unist.smartpushscheduler,10310,0,1
1527482683052,msnl.unist.smartpushscheduler,10310,0,1
1527482698522,msnl.unist.smartpushscheduler,10310,0,1
1527482698676,msnl.unist.smartpushscheduler,10310,0,1
1527482700500,msnl.unist.smartpushscheduler,10310,0,1
1527482700681,msnl.unist.smartpushscheduler,10310,0,1
1527482703022,msnl.unist.smartpushscheduler,10310,0,1
1527482706619,msnl.unist.smartpushscheduler,10310,0,1
1527482760072,msnl.unist.smartpushscheduler,10310,0,1
1527482760233,msnl.unist.smartpushscheduler,10310,0,1
1527482790665,msnl.unist.smartpushscheduler,10310,0,1
1527482824123,msnl.unist.smartpushscheduler,10310,0,1
1527482824290,msnl.unist.smartpushscheduler,10310,0,1
1527483041896,msnl.unist.smartpushscheduler,10310,0,1
1527483042046,msnl.unist.smartpushscheduler,10310,0,1
1527483086517,msnl.unist.smartpushscheduler,10310,0,1
1527483086701,msnl.unist.smartpushscheduler,10310,0,1
1527483117119,msnl.unist.smartpushscheduler,10310,0,1
1527483117295,msnl.unist.smartpushscheduler,10310,0,1
1527483119100,msnl.unist.smartpushscheduler,10310,0,1
1527483119274,msnl.unist.smartpushscheduler,10310,0,1
1527483129541,msnl.unist.smartpushscheduler,10310,0,1
1527483129713,msnl.unist.smartpushscheduler,10310,0,1
1527483133677,msnl.unist.smartpushscheduler,10310,0,1
1527483133853,msnl.unist.smartpushscheduler,10310,0,1
1527483179201,msnl.unist.smartpushscheduler,10310,0,1
1527483179383,msnl.unist.smartpushscheduler,10310,0,1
1527483252638,msnl.unist.smartpushscheduler,10310,0,1
1527483252820,msnl.unist.smartpushscheduler,10310,0,1
1527483274769,msnl.unist.smartpushscheduler,10310,0,1
1527483274929,msnl.unist.smartpushscheduler,10310,0,1
1527483351238,msnl.unist.smartpushscheduler,10310,0,1
1527483351441,msnl.unist.smartpushscheduler,10310,0,1
1527483413341,msnl.unist.smartpushscheduler,10310,0,1
1527483413516,msnl.unist.smartpushscheduler,10310,0,1
1527483418571,msnl.unist.smartpushscheduler,10310,0,1
1527483418746,msnl.unist.smartpushscheduler,10310,0,1
1527483432063,msnl.unist.smartpushscheduler,10310,0,1
1527483450053,msnl.unist.smartpushscheduler,10310,0,1
1527483473456,msnl.unist.smartpushscheduler,10310,0,1
1527483489828,msnl.unist.smartpushscheduler,10310,0,1
1527483523666,msnl.unist.smartpushscheduler,10310,0,1
1527483541664,msnl.unist.smartpushscheduler,10310,0,1
1527483559109,msnl.unist.smartpushscheduler,10310,0,1
1527483599082,msnl.unist.smartpushscheduler,10310,0,1
1527483639396,msnl.unist.smartpushscheduler,10310,0,1
1527483639571,msnl.unist.smartpushscheduler,10310,0,1
1527483660264,msnl.unist.smartpushscheduler,10310,0,1
1527483680965,msnl.unist.smartpushscheduler,10310,0,1
1527483701482,msnl.unist.smartpushscheduler,10310,0,1
1527483730300,msnl.unist.smartpushscheduler,10310,0,1
1527483752790,msnl.unist.smartpushscheduler,10310,0,1
1527484249515,msnl.unist.smartpushscheduler,10310,0,1
1527484249664,msnl.unist.smartpushscheduler,10310,0,1
1527484251222,msnl.unist.smartpushscheduler,10310,0,1
1527484313915,msnl.unist.smartpushscheduler,10310,0,1
1527484313933,msnl.unist.smartpushscheduler,10310,0,1
1527484767974,msnl.unist.smartpushscheduler,10310,0,1
1527484768000,msnl.unist.smartpushscheduler,10310,0,1
1527484768134,msnl.unist.smartpushscheduler,10310,0,1
1527484768329,msnl.unist.smartpushscheduler,10310,0,1
1527484770371,msnl.unist.smartpushscheduler,10310,0,1
1527484866944,msnl.unist.smartpushscheduler,10310,0,1
1527484866951,msnl.unist.smartpushscheduler,10310,0,1
1527485786934,msnl.unist.smartpushscheduler,10310,0,1
1527485786968,msnl.unist.smartpushscheduler,10310,0,1
1527485787096,msnl.unist.smartpushscheduler,10310,0,1
1527485787300,msnl.unist.smartpushscheduler,10310,0,1
1527485789753,msnl.unist.smartpushscheduler,10310,0,1
1527485790506,msnl.unist.smartpushscheduler,10310,0,1
1527485790517,msnl.unist.smartpushscheduler,10310,0,1
1527485791800,msnl.unist.smartpushscheduler,10310,0,1
1527485791832,msnl.unist.smartpushscheduler,10310,0,1
1527485794832,msnl.unist.smartpushscheduler,10310,0,1
1527485794844,msnl.unist.smartpushscheduler,10310,0,1
1527485796806,msnl.unist.smartpushscheduler,10310,0,1
1527485796824,msnl.unist.smartpushscheduler,10310,0,1
1527485798639,msnl.unist.smartpushscheduler,10310,0,1
1527485798651,msnl.unist.smartpushscheduler,10310,0,1
1527485801361,msnl.unist.smartpushscheduler,10310,0,1
1527485801372,msnl.unist.smartpushscheduler,10310,0,1
1527485801379,msnl.unist.smartpushscheduler,10310,0,1
1527485801865,msnl.unist.smartpushscheduler,10310,0,1
1527485802054,msnl.unist.smartpushscheduler,10310,0,1
1527485802986,msnl.unist.smartpushscheduler,10310,0,1
1527485803016,msnl.unist.smartpushscheduler,10310,0,1
1527485804008,msnl.unist.smartpushscheduler,10310,0,1
1527485804037,msnl.unist.smartpushscheduler,10310,0,1
1527485804050,msnl.unist.smartpushscheduler,10310,0,1
1527485804067,msnl.unist.smartpushscheduler,10310,0,1
1527485804088,msnl.unist.smartpushscheduler,10310,0,1
1527485804103,msnl.unist.smartpushscheduler,10310,0,1
1527485804121,msnl.unist.smartpushscheduler,10310,0,1
1527485804132,msnl.unist.smartpushscheduler,10310,0,1
1527485804176,msnl.unist.smartpushscheduler,10310,0,1
1527485804183,msnl.unist.smartpushscheduler,10310,0,1
1527485805260,msnl.unist.smartpushscheduler,10310,0,1
1527485812603,msnl.unist.smartpushscheduler,10310,0,1
1527485814096,msnl.unist.smartpushscheduler,10310,0,1
1527485815506,msnl.unist.smartpushscheduler,10310,0,1
1527485815538,msnl.unist.smartpushscheduler,10310,0,1
1527485815550,msnl.unist.smartpushscheduler,10310,0,1
1527485815575,msnl.unist.smartpushscheduler,10310,0,1
1527485815598,msnl.unist.smartpushscheduler,10310,0,1
1527485815604,msnl.unist.smartpushscheduler,10310,0,1
1527485815618,msnl.unist.smartpushscheduler,10310,0,1
1527485815638,msnl.unist.smartpushscheduler,10310,0,1
1527485815655,msnl.unist.smartpushscheduler,10310,0,1
1527485815681,msnl.unist.smartpushscheduler,10310,0,1
1527485815700,msnl.unist.smartpushscheduler,10310,0,1
1527485820748,msnl.unist.smartpushscheduler,10310,0,1
1527485820751,msnl.unist.smartpushscheduler,10310,0,1
1527485821064,msnl.unist.smartpushscheduler,10310,0,1
1527485821684,msnl.unist.smartpushscheduler,10310,0,1
1527485821691,msnl.unist.smartpushscheduler,10310,0,1
1527485823926,msnl.unist.smartpushscheduler,10310,0,1
1527485824594,msnl.unist.smartpushscheduler,10310,0,1
1527485824683,msnl.unist.smartpushscheduler,10310,0,1
1527485825401,msnl.unist.smartpushscheduler,10310,0,1
1527485825425,msnl.unist.smartpushscheduler,10310,0,1
1527485825849,msnl.unist.smartpushscheduler,10310,0,1
1527485825879,msnl.unist.smartpushscheduler,10310,0,1
1527485825885,msnl.unist.smartpushscheduler,10310,0,1
1527485825890,msnl.unist.smartpushscheduler,10310,0,1
1527485826863,msnl.unist.smartpushscheduler,10310,0,1
1527485826872,msnl.unist.smartpushscheduler,10310,0,1
1527485826881,msnl.unist.smartpushscheduler,10310,0,1
1527485828069,msnl.unist.smartpushscheduler,10310,0,1
1527485829066,msnl.unist.smartpushscheduler,10310,0,1
1527485829086,msnl.unist.smartpushscheduler,10310,0,1
1527485829970,msnl.unist.smartpushscheduler,10310,0,1
1527485830062,msnl.unist.smartpushscheduler,10310,0,1
1527485830093,msnl.unist.smartpushscheduler,10310,0,1
1527485830372,msnl.unist.smartpushscheduler,10310,0,1
1527485830980,msnl.unist.smartpushscheduler,10310,0,1
1527485831066,msnl.unist.smartpushscheduler,10310,0,1
1527486031055,msnl.unist.smartpushscheduler,10310,0,1
1527486051006,msnl.unist.smartpushscheduler,10310,0,1
1527486128025,msnl.unist.smartpushscheduler,10310,0,1
1527486606245,kr.co.aladin.third_shop,10200,1,1
1527486853251,msnl.unist.smartpushscheduler,10310,0,1
1527488079534,msnl.unist.smartpushscheduler,10310,0,1
1527490402177,msnl.unist.smartpushscheduler,10310,0,1
1527490402186,msnl.unist.smartpushscheduler,10310,0,1
1527490422107,msnl.unist.smartpushscheduler,10310,0,1
1527491064791,com.ebay.kr.auction,10199,1,1
1527493264482,msnl.unist.smartpushscheduler,10310,0,1
1527494125880,msnl.unist.smartpushscheduler,10310,0,1
1527494131956,msnl.unist.smartpushscheduler,10310,0,1
1527494131970,msnl.unist.smartpushscheduler,10310,0,1
1527494135610,msnl.unist.smartpushscheduler,10310,0,1
1527494155564,msnl.unist.smartpushscheduler,10310,0,1
1527494155595,msnl.unist.smartpushscheduler,10310,0,1
1527494176595,msnl.unist.smartpushscheduler,10310,0,1
1527494794640,com.android.server.telecom,1000,1,1
1527494795124,msnl.unist.smartpushscheduler,10310,0,1
1527494953869,msnl.unist.smartpushscheduler,10310,0,1
1527494953888,msnl.unist.smartpushscheduler,10310,0,1
1527494953920,msnl.unist.smartpushscheduler,10310,0,1
1527494953933,msnl.unist.smartpushscheduler,10310,0,1
1527494953987,msnl.unist.smartpushscheduler,10310,0,1
1527494953995,msnl.unist.smartpushscheduler,10310,0,1
1527494953998,msnl.unist.smartpushscheduler,10310,0,1
1527494954006,msnl.unist.smartpushscheduler,10310,0,1
1527495005558,msnl.unist.smartpushscheduler,10310,0,1
1527495269239,msnl.unist.smartpushscheduler,10310,0,1
1527495274115,msnl.unist.smartpushscheduler,10310,0,1
1527495274452,msnl.unist.smartpushscheduler,10310,0,1
1527495276186,msnl.unist.smartpushscheduler,10310,0,1
1527495276545,msnl.unist.smartpushscheduler,10310,0,1
1527495276556,msnl.unist.smartpushscheduler,10310,0,1
1527495276574,msnl.unist.smartpushscheduler,10310,0,1
1527495276584,msnl.unist.smartpushscheduler,10310,0,1
1527495276595,msnl.unist.smartpushscheduler,10310,0,1
1527495276608,msnl.unist.smartpushscheduler,10310,0,1
1527495309097,msnl.unist.smartpushscheduler,10310,0,1
1527495340729,msnl.unist.smartpushscheduler,10310,0,1
1527495364988,msnl.unist.smartpushscheduler,10310,0,1
1527495521287,msnl.unist.smartpushscheduler,10310,0,1
1527495521298,msnl.unist.smartpushscheduler,10310,0,1
1527495521407,msnl.unist.smartpushscheduler,10310,0,1
1527495527739,msnl.unist.smartpushscheduler,10310,0,1
1527495542267,msnl.unist.smartpush,10311,1,1
1527495572327,msnl.unist.smartpush,10311,1,1
1527495574503,msnl.unist.smartpushscheduler,10310,0,1
1527495619490,msnl.unist.smartpush,10311,1,1
1527495619706,msnl.unist.smartpushscheduler,10310,0,1
1527495619800,msnl.unist.smartpushscheduler,10310,0,1
1527495640341,msnl.unist.smartpushscheduler,10310,0,1
1527495640374,msnl.unist.smartpushscheduler,10310,0,1
1527495662463,msnl.unist.smartpush,10311,1,1
1527495662518,msnl.unist.smartpush,10311,1,1
1527495690286,msnl.unist.smartpushscheduler,10310,0,1
1527495690294,msnl.unist.smartpushscheduler,10310,0,1
1527495692930,msnl.unist.smartpush,10311,1,1
1527495720050,msnl.unist.smartpush,10311,1,1
1527495766570,msnl.unist.smartpushscheduler,10310,0,1
1527495766754,msnl.unist.smartpushscheduler,10310,0,1
1527495768573,msnl.unist.smartpushscheduler,10310,0,1
1527495797348,msnl.unist.smartpushscheduler,10310,0,1
1527495802786,msnl.unist.smartpush,10311,1,1
1527495818437,msnl.unist.smartpushscheduler,10310,0,1
1527495832628,msnl.unist.smartpush,10311,1,1
1527495848669,msnl.unist.smartpushscheduler,10310,0,1
1527495856255,msnl.unist.smartpush,10311,1,1
1527495865682,msnl.unist.smartpush,10311,1,1
1527495870093,msnl.unist.smartpushscheduler,10310,0,1
1527495879707,msnl.unist.smartpush,10311,1,1
1527495897445,msnl.unist.smartpush,10311,1,1
1527495899243,msnl.unist.smartpushscheduler,10310,0,1
1527495917758,msnl.unist.smartpushscheduler,10310,0,1
1527495939202,msnl.unist.smartpushscheduler,10310,0,1
1527495968171,msnl.unist.smartpushscheduler,10310,0,1
1527495988512,msnl.unist.smartpushscheduler,10310,0,1
1527496009571,msnl.unist.smartpushscheduler,10310,0,1
1527496018133,msnl.unist.smartpush,10311,1,1
1527496041594,msnl.unist.smartpushscheduler,10310,0,1
1527496050500,msnl.unist.smartpush,10311,1,1
1527496060323,msnl.unist.smartpushscheduler,10310,0,1
1527496060896,msnl.unist.smartpush,10311,1,1
1527496089208,msnl.unist.smartpush,10311,1,1
1527496090019,msnl.unist.smartpushscheduler,10310,0,1
1527496093091,msnl.unist.smartpush,10311,1,1
1527496110538,msnl.unist.smartpushscheduler,10310,0,1
1527496123732,msnl.unist.smartpush,10311,1,1
1527496135493,msnl.unist.smartpush,10311,1,1
1527496140423,msnl.unist.smartpushscheduler,10310,0,1
1527496160405,msnl.unist.smartpushscheduler,10310,0,1
1527496170090,msnl.unist.smartpush,10311,1,1
1527496179311,msnl.unist.smartpush,10311,1,1
1527496185071,msnl.unist.smartpush,10311,1,1
1527496191898,msnl.unist.smartpushscheduler,10310,0,1
1527496209921,msnl.unist.smartpushscheduler,10310,0,1
1527496211805,msnl.unist.smartpush,10311,1,1
1527496241203,msnl.unist.smartpushscheduler,10310,0,1
1527496261000,msnl.unist.smartpushscheduler,10310,0,1
1527496271079,msnl.unist.smartpush,10311,1,1
1527496282238,msnl.unist.smartpushscheduler,10310,0,1
1527496282788,msnl.unist.smartpush,10311,1,1
1527496289416,msnl.unist.smartpush,10311,1,1
1527496301714,msnl.unist.smartpush,10311,1,1
1527496310487,msnl.unist.smartpushscheduler,10310,0,1
1527496330652,msnl.unist.smartpushscheduler,10310,0,1
1527496333523,msnl.unist.smartpush,10311,1,1
1527496361596,msnl.unist.smartpushscheduler,10310,0,1
1527496383188,msnl.unist.smartpushscheduler,10310,0,1
1527496403348,msnl.unist.smartpushscheduler,10310,0,1
1527496431405,msnl.unist.smartpushscheduler,10310,0,1
1527496451040,msnl.unist.smartpushscheduler,10310,0,1
1527496482186,msnl.unist.smartpushscheduler,10310,0,1
1527496502845,msnl.unist.smartpushscheduler,10310,0,1
1527496532568,msnl.unist.smartpushscheduler,10310,0,1
1527496561145,msnl.unist.smartpushscheduler,10310,0,1
1527496582052,msnl.unist.smartpushscheduler,10310,0,1
1527496602213,msnl.unist.smartpushscheduler,10310,0,1
1527496622161,msnl.unist.smartpushscheduler,10310,0,1
1527496652205,msnl.unist.smartpushscheduler,10310,0,1
1527496682435,msnl.unist.smartpushscheduler,10310,0,1
1527496702497,msnl.unist.smartpushscheduler,10310,0,1
1527496702587,msnl.unist.smartpushscheduler,10310,0,1
1527496710921,msnl.unist.smartpushscheduler,10310,0,1
1527496726201,msnl.unist.smartpushscheduler,10310,0,1
1527496726409,msnl.unist.smartpushscheduler,10310,0,1
1527496762743,msnl.unist.smartpushscheduler,10310,0,1
1527496774430,msnl.unist.smartpushscheduler,10310,0,1
1527496820863,msnl.unist.smartpushscheduler,10310,0,1
1527496823706,msnl.unist.smartpushscheduler,10310,0,1
1527496844225,msnl.unist.smartpushscheduler,10310,0,1
1527496865125,msnl.unist.smartpushscheduler,10310,0,1
1527496873565,msnl.unist.smartpushscheduler,10310,0,1
1527496898064,msnl.unist.smartpushscheduler,10310,0,1
1527496919159,msnl.unist.smartpushscheduler,10310,0,1
1527496927398,msnl.unist.smartpushscheduler,10310,0,1
1527496938911,msnl.unist.smartpushscheduler,10310,0,1
1527496947180,msnl.unist.smartpushscheduler,10310,0,1
1527496975443,msnl.unist.smartpushscheduler,10310,0,1
1527496997212,msnl.unist.smartpushscheduler,10310,0,1
1527497014480,msnl.unist.smartpushscheduler,10310,0,1
1527497046164,msnl.unist.smartpushscheduler,10310,0,1
1527497066140,msnl.unist.smartpushscheduler,10310,0,1
1527497096358,msnl.unist.smartpushscheduler,10310,0,1
1527497114729,msnl.unist.smartpushscheduler,10310,0,1
1527497116685,msnl.unist.smartpushscheduler,10310,0,1
1527497145305,msnl.unist.smartpushscheduler,10310,0,1
1527497165823,msnl.unist.smartpushscheduler,10310,0,1
1527497186364,msnl.unist.smartpushscheduler,10310,0,1
1527497216570,msnl.unist.smartpushscheduler,10310,0,1
1527497453497,msnl.unist.smartpushscheduler,10310,0,1
1527497454640,msnl.unist.smartpushscheduler,10310,0,1
1527497455569,msnl.unist.smartpushscheduler,10310,0,1
1527497455577,msnl.unist.smartpushscheduler,10310,0,1
1527497455644,msnl.unist.smartpushscheduler,10310,0,1
1527497455771,msnl.unist.smartpushscheduler,10310,0,1
1527497487374,msnl.unist.smartpushscheduler,10310,0,1
1527497506322,msnl.unist.smartpushscheduler,10310,0,1
1527497507119,msnl.unist.smartpushscheduler,10310,0,1
1527497507160,msnl.unist.smartpushscheduler,10310,0,1
1527497635804,msnl.unist.smartpushscheduler,10310,0,1
1527498030605,com.nhn.android.music,10210,1,0
1527498031119,com.nhn.android.music,10210,1,0
1527498198861,com.blinkslabs.blinkist.android,10305,1,0
1527498198977,com.blinkslabs.blinkist.android,10305,1,0
1527498232140,android,1000,1,0
1527498232183,com.blinkslabs.blinkist.android,10305,1,0
1527498289042,kr.co.rinasoft.howuse,10251,1,0
1527498469249,com.nhn.android.music,10210,1,0
1527498469900,com.nhn.android.music,10210,1,0
1527498487693,com.blinkslabs.blinkist.android,10305,1,0
1527498660295,kr.co.rinasoft.howuse,10251,1,0
1527498845688,com.nhn.android.music,10210,1,0
1527498851299,com.nhn.android.music,10210,1,0
1527499269250,com.nhn.android.music,10210,1,0
1527499274754,com.nhn.android.music,10210,1,0
1527499692654,com.nhn.android.music,10210,1,0
1527499693200,com.nhn.android.music,10210,1,0
1527499783557,com.kakao.talk,10194,1,0
1527499794081,kr.co.rinasoft.howuse,10251,1,0
1527499800058,com.kakao.talk,10194,1,0
1527499816707,com.kakao.talk,10194,1,0
1527499855767,kr.co.rinasoft.howuse,10251,1,0
1527499864942,com.kakao.talk,10194,1,0
1527499865069,com.kakao.talk,10194,1,0
1527499866090,android,1000,1,0
1527499866960,com.kakao.talk,10194,1,0
1527499867651,com.kakao.talk,10194,1,0
1527499875961,com.kakao.talk,10194,1,0
1527499875988,com.kakao.talk,10194,1,0
1527499876392,com.kakao.talk,10194,1,0
1527499901988,com.kakao.talk,10194,1,0
1527499909686,com.kakao.talk,10194,1,0
1527499917669,kr.co.rinasoft.howuse,10251,1,0
1527499918536,com.kakao.talk,10194,1,0
1527499919595,com.kakao.talk,10194,1,0
1527499919647,com.kakao.talk,10194,1,0
1527499920070,com.kakao.talk,10194,1,0
1527499943978,com.kakao.talk,10194,1,0
1527499948147,com.kakao.talk,10194,1,0
1527499950258,com.kakao.talk,10194,1,0
1527499966347,com.kakao.talk,10194,1,0
1527499970297,gogolook.callgogolook2,10287,1,0
1527499970596,com.nhn.android.music,10210,1,0
1527499971543,com.samsung.android.incallui,1001,1,0
1527499971605,com.samsung.android.incallui,1001,1,0
1527499971688,com.samsung.android.incallui,1001,1,0
1527499971732,com.samsung.android.incallui,1001,1,0
1527499971883,com.samsung.android.incallui,1001,1,0
1527499975249,com.samsung.android.incallui,1001,1,0
1527499975661,com.samsung.android.incallui,1001,1,0
1527499975708,com.samsung.android.incallui,1001,1,0
1527499975868,com.samsung.android.incallui,1001,1,0
1527499976069,com.samsung.android.incallui,1001,1,0
1527499976394,com.samsung.android.incallui,1001,1,0
1527499979332,kr.co.rinasoft.howuse,10251,1,0
1527499983303,com.samsung.android.incallui,1001,1,0
1527499984348,com.kakao.talk,10194,1,0
1527499996039,com.samsung.android.incallui,1001,1,0
1527499996352,com.samsung.android.incallui,1001,1,0
1527499996376,gogolook.callgogolook2,10287,1,0
1527499996771,com.samsung.android.incallui,1001,1,0
1527499997918,com.nhn.android.music,10210,1,0
1527500026540,com.nhn.android.music,10210,1,0
1527500027440,com.nhn.android.music,10210,1,0
1527500040951,kr.co.rinasoft.howuse,10251,1,0
1527500046047,com.kakao.talk,10194,1,0
1527500051507,com.kakao.talk,10194,1,0
1527500070597,com.kakao.talk,10194,1,0
1527500083531,com.kakao.talk,10194,1,0
1527500084940,com.kakao.talk,10194,1,0
1527500090941,com.kakao.talk,10194,1,0
1527500099631,com.kakao.talk,10194,1,0
1527500103598,com.kakao.talk,10194,1,0
1527500103755,com.kakao.talk,10194,1,0
1527500108319,com.kakao.talk,10194,1,0
1527500112273,com.kakao.talk,10194,1,0
1527500114384,com.kakao.talk,10194,1,0
1527500116252,com.kakao.talk,10194,1,0
1527500119363,com.kakao.talk,10194,1,0
1527500122510,com.google.android.apps.maps,10153,1,0
1527500123210,com.kakao.talk,10194,1,0
1527500125776,com.kakao.talk,10194,1,0
1527500128220,com.kakao.talk,10194,1,0
1527500133453,com.kakao.talk,10194,1,0
1527500144820,com.kakao.talk,10194,1,0
1527500150543,com.kakao.talk,10194,1,0
1527500154576,com.kakao.talk,10194,1,0
1527500159519,com.kakao.talk,10194,1,0
1527500195950,com.kakao.talk,10194,1,0
1527500205135,com.kakao.talk,10194,1,0
1527500210054,com.kakao.talk,10194,1,0
1527500220347,com.kakao.talk,10194,1,0
1527500227236,com.kakao.talk,10194,1,0
1527500231124,com.kakao.talk,10194,1,0
1527500232313,com.kakao.talk,10194,1,0
1527500235154,com.kakao.talk,10194,1,0
1527500235258,com.kakao.talk,10194,1,0
1527500251328,com.kakao.talk,10194,1,0
1527500759308,com.nhn.android.music,10210,1,0
1527500759871,com.nhn.android.music,10210,1,0
1527501233001,com.nhn.android.music,10210,1,0
1527501233429,com.nhn.android.music,10210,1,0
1527501577385,com.kakao.talk,10194,1,0
1527501581666,com.kakao.talk,10194,1,0
1527501581688,com.kakao.talk,10194,1,0
1527501582123,com.kakao.talk,10194,1,0
1527501639081,com.kakao.talk,10194,1,0
1527501639157,com.kakao.talk,10194,1,0
1527501639639,com.kakao.talk,10194,1,0
1527501723118,com.kakao.talk,10194,1,0
1527501723619,com.kakao.talk,10194,1,0
1527501723640,com.kakao.talk,10194,1,0
1527501724275,com.kakao.talk,10194,1,0
1527501758722,com.nhn.android.music,10210,1,0
1527501759332,com.nhn.android.music,10210,1,0
1527501840123,com.kakao.talk,10194,1,0
1527501840220,com.kakao.talk,10194,1,0
1527501840651,com.kakao.talk,10194,1,0
1527501842251,flipboard.boxer.app,10118,1,0
1527501849074,com.kakao.talk,10194,1,0
1527501849128,com.kakao.talk,10194,1,0
1527501849640,com.kakao.talk,10194,1,0
1527501933149,com.nhn.android.music,10210,1,0
1527501933703,com.nhn.android.music,10210,1,0
1527501989593,com.kakao.talk,10194,1,0
1527502024661,com.kakao.talk,10194,1,0
1527502134742,com.nhn.android.music,10210,1,0
1527502135346,com.nhn.android.music,10210,1,0
1527502167521,com.kakao.talk,10194,1,0
1527502167605,com.kakao.talk,10194,1,0
1527502168098,com.kakao.talk,10194,1,0
1527502227472,com.kakao.talk,10194,1,0
1527502227541,com.kakao.talk,10194,1,0
1527502228057,com.kakao.talk,10194,1,0
1527502289689,com.kakao.talk,10194,1,0
1527502312146,com.kakao.talk,10194,1,0
1527502448179,com.kakao.talk,10194,1,0
1527502852591,com.kakao.talk,10194,1,0
1527502853136,com.kakao.talk,10194,1,0
1527502854238,com.kakao.talk,10194,1,0
1527502855551,com.kakao.talk,10194,1,0
1527502861024,kr.co.rinasoft.howuse,10251,1,0
1527502866463,com.kakao.talk,10194,1,0
1527502866700,com.kakao.talk,10194,1,0
1527502867260,com.kakao.talk,10194,1,0
1527503027023,kr.co.rinasoft.howuse,10251,1,0
1527503164082,kr.co.rinasoft.howuse,10251,1,0
1527503429537,com.kakao.talk,10194,1,0
1527504098498,com.kakao.talk,10194,1,0
1527504102463,com.kakao.talk,10194,1,0
1527504114446,com.kakao.talk,10194,1,0
1527504126816,com.kakao.talk,10194,1,0
1527504132765,com.kakao.talk,10194,1,0
1527504132808,com.kakao.talk,10194,1,0
1527504133254,com.kakao.talk,10194,1,0
1527504171725,com.kakao.talk,10194,1,0
1527504171756,com.kakao.talk,10194,1,0
1527504172235,com.kakao.talk,10194,1,0
1527504185137,com.kakao.talk,10194,1,0
1527504185256,com.kakao.talk,10194,1,0
1527504185630,com.kakao.talk,10194,1,0
1527504189617,com.kakao.talk,10194,1,0
1527504189642,com.kakao.talk,10194,1,0
1527504189989,com.kakao.talk,10194,1,0
1527504191998,kr.co.rinasoft.howuse,10251,1,0
1527504225526,com.kakao.talk,10194,1,0
1527504225560,com.kakao.talk,10194,1,0
1527504226147,com.kakao.talk,10194,1,0
1527504243438,com.kakao.talk,10194,1,0
1527504243493,com.kakao.talk,10194,1,0
1527504243990,com.kakao.talk,10194,1,0
1527504255427,com.kakao.talk,10194,1,0
1527504255489,com.kakao.talk,10194,1,0
1527504256115,com.kakao.talk,10194,1,0
1527504352499,com.kakao.talk,10194,1,0
1527504352544,com.kakao.talk,10194,1,0
1527504352972,com.kakao.talk,10194,1,0
1527504360490,com.kakao.talk,10194,1,0
1527504360524,com.kakao.talk,10194,1,0
1527504361093,com.kakao.talk,10194,1,0
1527505099607,com.kakao.talk,10194,1,0
1527505099640,com.kakao.talk,10194,1,0
1527505100093,com.kakao.talk,10194,1,0
1527505109523,com.kakao.talk,10194,1,0
1527505109586,com.kakao.talk,10194,1,0
1527505109955,com.kakao.talk,10194,1,0
1527505137699,com.kakao.talk,10194,1,0
1527505286530,com.kakao.talk,10194,1,0
1527505286585,com.kakao.talk,10194,1,0
1527505286741,com.kakao.talk,10194,1,0
1527505286776,com.kakao.talk,10194,1,0
1527505287098,com.kakao.talk,10194,1,0
1527505345449,com.kakao.talk,10194,1,0
1527505345497,com.kakao.talk,10194,1,0
1527505345955,com.kakao.talk,10194,1,0
1527505407495,com.kakao.talk,10194,1,0
1527505407573,com.kakao.talk,10194,1,0
1527505408045,com.kakao.talk,10194,1,0
1527507978753,com.kakao.talk,10194,1,0
1527507978856,com.kakao.talk,10194,1,0
1527507979135,com.kakao.talk,10194,1,0
1527508415770,com.kakao.talk,10194,1,0
1527508416286,com.kakao.talk,10194,1,0
1527508428352,com.kakao.talk,10194,1,0
1527508430558,com.kakao.talk,10194,1,0
1527508431440,com.kakao.talk,10194,1,0
1527508683444,com.kakao.talk,10194,1,0
1527508683480,com.kakao.talk,10194,1,0
1527508683996,com.kakao.talk,10194,1,0
1527508746449,com.kakao.talk,10194,1,0
1527508746497,com.kakao.talk,10194,1,0
1527508746960,com.kakao.talk,10194,1,0
1527508823737,com.sirma.mobile.bible.android,10204,1,0
1527508911360,com.google.android.gm,10125,1,0
1527508911405,com.google.android.gm,10125,1,0
1527510047625,com.kakao.talk,10194,1,0
1527510047644,com.kakao.talk,10194,1,0
1527510054277,com.kakao.talk,10194,1,0
1527510054758,com.kakao.talk,10194,1,0
1527510068029,kr.co.rinasoft.howuse,10251,1,0
1527510125883,com.android.providers.downloads,10028,1,0
1527510126332,com.android.providers.downloads,10028,1,0
1527510126391,com.android.providers.downloads,10028,1,0
1527510128448,com.android.providers.downloads,10028,1,0
1527510129268,com.android.providers.downloads,10028,1,0
1527510129551,kr.co.rinasoft.howuse,10251,1,0
1527510130635,com.android.vending,10040,1,0
1527510164496,com.android.vending,10040,1,0
1527510191237,kr.co.rinasoft.howuse,10251,1,0
1527510252979,kr.co.rinasoft.howuse,10251,1,0
1527510314768,kr.co.rinasoft.howuse,10251,1,0
1527510376493,kr.co.rinasoft.howuse,10251,1,0
1527510438331,kr.co.rinasoft.howuse,10251,1,0
1527510500165,kr.co.rinasoft.howuse,10251,1,0
1527510561965,kr.co.rinasoft.howuse,10251,1,0
1527510623682,kr.co.rinasoft.howuse,10251,1,0
1527510685611,kr.co.rinasoft.howuse,10251,1,0
1527510747363,kr.co.rinasoft.howuse,10251,1,0
1527510809094,kr.co.rinasoft.howuse,10251,1,0
1527510870852,kr.co.rinasoft.howuse,10251,1,0
1527510926594,com.kakao.talk,10194,1,0
1527510931349,com.kakao.talk,10194,1,0
1527510932630,kr.co.rinasoft.howuse,10251,1,0
1527510934101,com.kakao.talk,10194,1,0
1527510937213,com.kakao.talk,10194,1,0
1527510945853,com.kakao.talk,10194,1,0
1527510953120,com.kakao.talk,10194,1,0
1527510994391,kr.co.rinasoft.howuse,10251,1,0
1527511029689,com.kakao.talk,10194,1,0
1527511039198,com.kakao.talk,10194,1,0
1527511056189,kr.co.rinasoft.howuse,10251,1,0
1527511117960,kr.co.rinasoft.howuse,10251,1,0
1527511179626,kr.co.rinasoft.howuse,10251,1,0
1527511241380,kr.co.rinasoft.howuse,10251,1,0
1527511303263,kr.co.rinasoft.howuse,10251,1,0
1527511364993,kr.co.rinasoft.howuse,10251,1,0
1527511426733,kr.co.rinasoft.howuse,10251,1,0
1527511488523,kr.co.rinasoft.howuse,10251,1,0
1527511550255,kr.co.rinasoft.howuse,10251,1,0
1527511612027,kr.co.rinasoft.howuse,10251,1,0
1527511673831,kr.co.rinasoft.howuse,10251,1,0
1527511735549,kr.co.rinasoft.howuse,10251,1,0
1527511797322,kr.co.rinasoft.howuse,10251,1,0
1527511823401,com.sirma.mobile.bible.android,10204,1,0
1527511859021,kr.co.rinasoft.howuse,10251,1,0
1527511920732,kr.co.rinasoft.howuse,10251,1,0
1527511982542,kr.co.rinasoft.howuse,10251,1,0
1527512044282,kr.co.rinasoft.howuse,10251,1,0
1527512105976,kr.co.rinasoft.howuse,10251,1,0
1527512194330,kr.co.rinasoft.howuse,10251,1,0
1527512401280,com.sec.android.app.clockpackage,10176,1,0
1527512402480,kr.co.rinasoft.howuse,10251,1,0
1527514230554,com.kakao.talk,10194,1,0
1527514230610,com.kakao.talk,10194,1,0
1527514231028,com.kakao.talk,10194,1,0
1527514242401,com.kakao.talk,10194,1,0
1527514242509,com.kakao.talk,10194,1,0
1527514243022,com.kakao.talk,10194,1,0
1527514273483,com.kakao.talk,10194,1,0
1527514273536,com.kakao.talk,10194,1,0
1527514274044,com.kakao.talk,10194,1,0
1527514281482,com.kakao.talk,10194,1,0
1527514281540,com.kakao.talk,10194,1,0
1527514282008,com.kakao.talk,10194,1,0
1527514330506,com.kakao.talk,10194,1,0
1527514330553,com.kakao.talk,10194,1,0
1527514330619,com.kakao.talk,10194,1,0
1527514331330,com.kakao.talk,10194,1,0
1527514337413,com.kakao.talk,10194,1,0
1527514337468,com.kakao.talk,10194,1,0
1527514337995,com.kakao.talk,10194,1,0
1527514361375,com.kakao.talk,10194,1,0
1527514361437,com.kakao.talk,10194,1,0
1527514362000,com.kakao.talk,10194,1,0
1527514379408,com.kakao.talk,10194,1,0
1527514379481,com.kakao.talk,10194,1,0
1527514379985,com.kakao.talk,10194,1,0
1527514457402,com.kakao.talk,10194,1,0
1527514457455,com.kakao.talk,10194,1,0
1527514457988,com.kakao.talk,10194,1,0
1527514466402,com.kakao.talk,10194,1,0
1527514466455,com.kakao.talk,10194,1,0
1527514466973,com.kakao.talk,10194,1,0
1527514477394,com.kakao.talk,10194,1,0
1527514477432,com.kakao.talk,10194,1,0
1527514477988,com.kakao.talk,10194,1,0
1527514567446,com.kakao.talk,10194,1,0
1527514567492,com.kakao.talk,10194,1,0
1527514567980,com.kakao.talk,10194,1,0
1527514582429,com.kakao.talk,10194,1,0
1527514582486,com.kakao.talk,10194,1,0
1527514582966,com.kakao.talk,10194,1,0
1527514600444,com.kakao.talk,10194,1,0
1527514600499,com.kakao.talk,10194,1,0
1527514600989,com.kakao.talk,10194,1,0
1527514603421,com.kakao.talk,10194,1,0
1527514603497,com.kakao.talk,10194,1,0
1527514603999,com.kakao.talk,10194,1,0
1527514610440,com.kakao.talk,10194,1,0
1527514610515,com.kakao.talk,10194,1,0
1527514611073,com.kakao.talk,10194,1,0
1527514624423,com.kakao.talk,10194,1,0
1527514624489,com.kakao.talk,10194,1,0
1527514624965,com.kakao.talk,10194,1,0
1527514641467,com.kakao.talk,10194,1,0
1527514641491,com.kakao.talk,10194,1,0
1527514641992,com.kakao.talk,10194,1,0
1527514656452,com.kakao.talk,10194,1,0
1527514656487,com.kakao.talk,10194,1,0
1527514656994,com.kakao.talk,10194,1,0
1527514666434,com.kakao.talk,10194,1,0
1527514666502,com.kakao.talk,10194,1,0
1527514667018,com.kakao.talk,10194,1,0
1527514685445,com.kakao.talk,10194,1,0
1527514685483,com.kakao.talk,10194,1,0
1527514685620,com.kakao.talk,10194,1,0
1527514685699,com.kakao.talk,10194,1,0
1527514686003,com.kakao.talk,10194,1,0
1527514690438,com.kakao.talk,10194,1,0
1527514690504,com.kakao.talk,10194,1,0
1527514691015,com.kakao.talk,10194,1,0
1527514693463,com.kakao.talk,10194,1,0
1527514693501,com.kakao.talk,10194,1,0
1527514693999,com.kakao.talk,10194,1,0
1527514706459,com.kakao.talk,10194,1,0
1527514706469,com.kakao.talk,10194,1,0
1527514706981,com.kakao.talk,10194,1,0
1527514710352,com.kakao.talk,10194,1,0
1527514710360,com.kakao.talk,10194,1,0
1527514710803,com.kakao.talk,10194,1,0
1527514718431,com.kakao.talk,10194,1,0
1527514718490,com.kakao.talk,10194,1,0
1527514718994,com.kakao.talk,10194,1,0
1527514730490,com.kakao.talk,10194,1,0
1527514730550,com.kakao.talk,10194,1,0
1527514730948,com.kakao.talk,10194,1,0
1527514732533,com.kakao.talk,10194,1,0
1527514732609,com.kakao.talk,10194,1,0
1527514733118,com.kakao.talk,10194,1,0
1527514734342,com.kakao.talk,10194,1,0
1527514734396,com.kakao.talk,10194,1,0
1527514734932,com.kakao.talk,10194,1,0
1527514737463,com.kakao.talk,10194,1,0
1527514737517,com.kakao.talk,10194,1,0
1527514738035,com.kakao.talk,10194,1,0
1527514749462,com.kakao.talk,10194,1,0
1527514749495,com.kakao.talk,10194,1,0
1527514750014,com.kakao.talk,10194,1,0
1527514780434,com.kakao.talk,10194,1,0
1527514780485,com.kakao.talk,10194,1,0
1527514781045,com.kakao.talk,10194,1,0
1527514790476,com.kakao.talk,10194,1,0
1527514790533,com.kakao.talk,10194,1,0
1527514790995,com.kakao.talk,10194,1,0
1527514793433,com.kakao.talk,10194,1,0
1527514793481,com.kakao.talk,10194,1,0
1527514793960,com.kakao.talk,10194,1,0
1527514794499,com.kakao.talk,10194,1,0
1527514794575,com.kakao.talk,10194,1,0
1527514795013,com.kakao.talk,10194,1,0
1527514796880,com.kakao.talk,10194,1,0
1527514796945,com.kakao.talk,10194,1,0
1527514797425,com.kakao.talk,10194,1,0
1527514808442,com.kakao.talk,10194,1,0
1527514808480,com.kakao.talk,10194,1,0
1527514809067,com.kakao.talk,10194,1,0
1527514812256,com.kakao.talk,10194,1,0
1527514812314,com.kakao.talk,10194,1,0
1527514812781,com.kakao.talk,10194,1,0
1527514831424,com.kakao.talk,10194,1,0
1527514831479,com.kakao.talk,10194,1,0
1527514832019,com.kakao.talk,10194,1,0
1527514833439,com.kakao.talk,10194,1,0
1527514833494,com.kakao.talk,10194,1,0
1527514833938,com.kakao.talk,10194,1,0
1527514844240,com.kakao.talk,10194,1,0
1527514844295,com.kakao.talk,10194,1,0
1527514844762,com.kakao.talk,10194,1,0
1527514869432,com.kakao.talk,10194,1,0
1527514869473,com.kakao.talk,10194,1,0
1527514869982,com.kakao.talk,10194,1,0
1527514880422,com.kakao.talk,10194,1,0
1527514880467,com.kakao.talk,10194,1,0
1527514880974,com.kakao.talk,10194,1,0
1527514961062,com.kakao.talk,10194,1,0
1527514961103,com.kakao.talk,10194,1,0
1527514961624,com.kakao.talk,10194,1,0
1527514974414,com.kakao.talk,10194,1,0
1527514974458,com.kakao.talk,10194,1,0
1527514975004,com.kakao.talk,10194,1,0
1527515087445,com.kakao.talk,10194,1,0
1527515087522,com.kakao.talk,10194,1,0
1527515088002,com.kakao.talk,10194,1,0
1527515104443,com.kakao.talk,10194,1,0
1527515104500,com.kakao.talk,10194,1,0
1527515105035,com.kakao.talk,10194,1,0
1527515110453,com.kakao.talk,10194,1,0
1527515110492,com.kakao.talk,10194,1,0
1527515111021,com.kakao.talk,10194,1,0
1527515128148,com.google.android.gm,10125,1,0
1527515128195,com.google.android.gm,10125,1,0
1527515128311,com.google.android.gm,10125,1,0
1527515182660,com.kakao.talk,10194,1,0
1527515182678,com.kakao.talk,10194,1,0
1527515182978,com.kakao.talk,10194,1,0
1527515268428,com.kakao.talk,10194,1,0
1527515268481,com.kakao.talk,10194,1,0
1527515268998,com.kakao.talk,10194,1,0
1527516039249,msnl.unist.smartpushscheduler,10310,0,1
1527516526311,msnl.unist.smartpushscheduler,10310,0,1
1527516568022,msnl.unist.smartpushscheduler,10310,0,1
1527516949396,msnl.unist.smartpushscheduler,10310,0,1
1527516949417,msnl.unist.smartpushscheduler,10310,0,1
1527518932297,msnl.unist.smartpushscheduler,10310,0,1
1527521708483,msnl.unist.smartpushscheduler,10310,0,1
1527521719085,msnl.unist.smartpushscheduler,10310,0,1
1527536075032,com.sec.android.app.samsungapps,10025,1,0
1527536075056,com.sec.android.app.samsungapps,10025,1,0
1527536075979,com.sec.android.app.samsungapps,10025,1,0
1527536076999,com.sec.android.app.samsungapps,10025,1,0
1527536077967,com.sec.android.app.samsungapps,10025,1,0
1527536078968,com.sec.android.app.samsungapps,10025,1,0
1527536079976,com.sec.android.app.samsungapps,10025,1,0
1527536080979,com.sec.android.app.samsungapps,10025,1,0
1527536081956,com.sec.android.app.samsungapps,10025,1,0
1527536083037,com.sec.android.app.samsungapps,10025,1,0
1527536084737,com.sec.android.app.samsungapps,10025,1,0
1527536084795,com.sec.android.app.samsungapps,10025,1,0
1527536143839,com.sec.android.app.samsungapps,10025,1,0
1527540995280,msnl.unist.smartpushscheduler,10310,0,0
1527541002878,com.sec.android.daemonapp,10150,1,0
1527541006743,com.sec.android.app.samsungapps,10025,1,0
1527541006766,com.sec.android.app.samsungapps,10025,1,0
1527541010581,com.sec.android.app.samsungapps,10025,1,0
1527541010588,com.sec.android.app.samsungapps,10025,1,0
1527541011349,com.sec.android.app.samsungapps,10025,1,0
1527541012352,com.sec.android.app.samsungapps,10025,1,0
1527541013379,com.sec.android.app.samsungapps,10025,1,0
1527541014340,com.sec.android.app.samsungapps,10025,1,0
1527541015340,com.sec.android.app.samsungapps,10025,1,0
1527541016362,com.sec.android.app.samsungapps,10025,1,0
1527541017344,com.sec.android.app.samsungapps,10025,1,0
1527541017551,msnl.unist.smartpushscheduler,10310,0,0
1527541017992,com.sec.android.app.samsungapps,10025,1,0
1527541018025,com.sec.android.app.samsungapps,10025,1,0
1527541045943,com.sec.android.app.samsungapps,10025,1,0
1527541046387,com.sec.android.app.samsungapps,10025,1,0
1527541046425,com.sec.android.app.samsungapps,10025,1,0
1527541048155,com.sec.android.app.samsungapps,10025,1,0
1527541049336,msnl.unist.smartpushscheduler,10310,0,0
1527541159003,msnl.unist.smartpushscheduler,10310,0,0
1527541164919,msnl.unist.smartpushscheduler,10310,0,0
1527541173544,msnl.unist.smartpushscheduler,10310,0,0
1527541173577,msnl.unist.smartpushscheduler,10310,0,0
1527541174218,msnl.unist.smartpushscheduler,10310,0,0
1527541174417,msnl.unist.smartpushscheduler,10310,0,0
1527541185384,msnl.unist.smartpushscheduler,10310,0,0
1527543591322,msnl.unist.smartpushscheduler,10310,0,0
1527543591332,kr.co.rinasoft.howuse,10251,1,0
1527544801403,com.sec.android.app.clockpackage,10176,1,0
1527544802544,msnl.unist.smartpushscheduler,10310,0,0
1527544802642,msnl.unist.smartpushscheduler,10310,0,0
1527544802665,msnl.unist.smartpushscheduler,10310,0,0
1527544802678,msnl.unist.smartpushscheduler,10310,0,0
1527544804517,msnl.unist.smartpushscheduler,10310,0,0
1527544809372,msnl.unist.smartpushscheduler,10310,0,0
1527544809420,msnl.unist.smartpushscheduler,10310,0,0
1527544810771,msnl.unist.smartpushscheduler,10310,0,0
1527544810934,msnl.unist.smartpushscheduler,10310,0,0
1527544812058,msnl.unist.smartpushscheduler,10310,0,0
1527544812239,msnl.unist.smartpushscheduler,10310,0,0
1527544816945,msnl.unist.smartpushscheduler,10310,1,0
1527544817086,msnl.unist.smartpushscheduler,10310,1,0
1527544821200,msnl.unist.smartpushscheduler,10310,1,0
1527544841433,msnl.unist.smartpushscheduler,10310,1,0
1527544841450,msnl.unist.smartpushscheduler,10310,1,0
1527544842980,msnl.unist.smartpushscheduler,10310,1,0
1527544853909,msnl.unist.smartpushscheduler,10310,1,0
1527544862617,kr.co.rinasoft.howuse,10251,1,0
1527545624748,kr.co.rinasoft.howuse,10251,1,0
1527545689836,kr.co.rinasoft.howuse,10251,1,0
1527545755513,kr.co.rinasoft.howuse,10251,1,0
1527545820991,kr.co.rinasoft.howuse,10251,1,0
1527545886523,kr.co.rinasoft.howuse,10251,1,0
1527545950772,kr.co.rinasoft.howuse,10251,1,0
1527546014575,kr.co.rinasoft.howuse,10251,1,0
1527546078362,kr.co.rinasoft.howuse,10251,1,0
1527546143126,kr.co.rinasoft.howuse,10251,1,0
1527546206857,kr.co.rinasoft.howuse,10251,1,0
1527546342534,com.google.android.gm,10125,1,0
1527546342576,com.google.android.gm,10125,1,0
1527546601099,com.sec.android.app.clockpackage,10176,1,0
1527547220730,com.google.android.gm,10125,1,0
1527547220782,com.google.android.gm,10125,1,0
1527547231677,kr.co.rinasoft.howuse,10251,1,0
1527547477300,kr.co.rinasoft.howuse,10251,1,0
1527547538936,kr.co.rinasoft.howuse,10251,1,0
1527547600489,kr.co.rinasoft.howuse,10251,1,0
1527547765561,kr.co.rinasoft.howuse,10251,1,0
1527547827214,kr.co.rinasoft.howuse,10251,1,0
1527547888735,kr.co.rinasoft.howuse,10251,1,0
1527547950330,kr.co.rinasoft.howuse,10251,1,0
1527548011854,kr.co.rinasoft.howuse,10251,1,0
1527548073482,kr.co.rinasoft.howuse,10251,1,0
1527548135166,kr.co.rinasoft.howuse,10251,1,0
1527548196915,kr.co.rinasoft.howuse,10251,1,0
1527548258628,kr.co.rinasoft.howuse,10251,1,0
1527548314112,com.kakao.talk,10194,1,0
1527548341172,com.google.android.gm,10125,1,0
1527548341210,com.google.android.gm,10125,1,0
1527548341294,com.google.android.gm,10125,1,0
1527548341368,com.sec.android.app.clockpackage,10176,1,0
1527548401125,com.sec.android.app.clockpackage,10176,1,0
1527548411203,kr.co.rinasoft.howuse,10251,1,0
1527548438250,com.nhn.android.music,10210,1,0
1527548438855,com.nhn.android.music,10210,1,0
1527548472802,kr.co.rinasoft.howuse,10251,1,0
1527548602310,com.nhn.android.music,10210,1,0
1527548602701,com.nhn.android.music,10210,1,0
1527548800943,com.nhn.android.music,10210,1,0
1527549274854,com.nhn.android.music,10210,1,0
1527549950118,com.nhn.android.music,10210,1,0
1527549950747,com.nhn.android.music,10210,1,0
1527550010373,com.kakao.talk,10194,1,0
1527550017556,kr.co.rinasoft.howuse,10251,1,0
1527550076910,com.nhn.android.music,10210,1,0
1527550200806,com.sec.android.app.clockpackage,10176,1,0
1527550470580,com.facebook.katana,10275,1,0
1527550538643,com.nhn.android.music,10210,1,0
1527550553746,kr.co.rinasoft.howuse,10251,1,0
1527550695372,com.nhn.android.music,10210,1,0
1527551146342,kr.co.rinasoft.howuse,10251,1,0
1527551207904,kr.co.rinasoft.howuse,10251,1,0
1527551451000,kr.co.rinasoft.howuse,10251,1,0
1527552024855,msnl.unist.smartpushscheduler,10310,0,1
1527555080517,msnl.unist.smartpushscheduler,10310,0,1
1527555177753,msnl.unist.smartpushscheduler,10310,0,1
1527555213900,msnl.unist.smartpushscheduler,10310,0,1
1527555235608,com.ahnlab.v3mobileplus,10198,1,1
1527555235668,com.ahnlab.v3mobileplus,10198,1,1
1527555319380,msnl.unist.smartpushscheduler,10310,0,1
1527555319942,msnl.unist.smartpushscheduler,10310,0,1
1527555898304,msnl.unist.smartpushscheduler,10310,0,1
1527556199332,msnl.unist.smartpushscheduler,10310,0,1
1527556199506,msnl.unist.smartpushscheduler,10310,0,1
1527556304966,msnl.unist.smartpushscheduler,10310,0,1
1527556304986,msnl.unist.smartpushscheduler,10310,0,1
1527557048681,msnl.unist.smartpushscheduler,10310,0,1
1527558392407,msnl.unist.smartpushscheduler,10310,0,1
1527559952536,msnl.unist.smartpushscheduler,10310,0,1
1527559952794,msnl.unist.smartpushscheduler,10310,0,1
1527559953334,msnl.unist.smartpushscheduler,10310,0,1
1527559960778,msnl.unist.smartpushscheduler,10310,0,1
1527560052463,msnl.unist.smartpushscheduler,10310,0,1
1527560087878,msnl.unist.smartpushscheduler,10310,0,1
1527560088080,msnl.unist.smartpushscheduler,10310,0,1
1527560089891,msnl.unist.smartpushscheduler,10310,0,1
1527560090050,msnl.unist.smartpushscheduler,10310,0,1
1527560131986,msnl.unist.smartpushscheduler,10310,0,1
1527560164055,msnl.unist.smartpushscheduler,10310,0,1
1527560193906,msnl.unist.smartpushscheduler,10310,0,1
1527560224187,msnl.unist.smartpushscheduler,10310,0,1
1527560254047,msnl.unist.smartpushscheduler,10310,0,1
1527560281572,msnl.unist.smartpushscheduler,10310,0,1
1527560321690,msnl.unist.smartpushscheduler,10310,0,1
1527560353569,msnl.unist.smartpushscheduler,10310,0,1
1527560374980,msnl.unist.smartpushscheduler,10310,0,1
1527560402724,msnl.unist.smartpushscheduler,10310,0,1
